2026-01-04 22:29:59,600 - minisweagent - INFO - Loading dataset MariusHobbhahn/SWE-bench-verified-mini, split test...
2026-01-04 22:30:02,793 - minisweagent - INFO - Running on 50 instances...
2026-01-04 22:30:02,795 - minisweagent - INFO - Loading agent config from 'conf/mini_qwen_thinking.yaml'
2026-01-04 22:34:18,237 - minisweagent - ERROR - Error processing instance django__django-11790: This model isn't mapped yet. model=hosted_vllm/Qwen/Qwen3-30B-A3B-Thinking-2507, custom_llm_provider=hosted_vllm. Add it here - https://github.com/BerriAI/litellm/blob/main/model_prices_and_context_window.json.
Traceback (most recent call last):
  File "/gscratch/stf/rpande/lora-context-distillation/.venv/lib/python3.10/site-packages/litellm/utils.py", line 4917, in _get_model_info_helper
    raise ValueError(
ValueError: This model isn't mapped yet. Add it here - https://github.com/BerriAI/litellm/blob/main/model_prices_and_context_window.json

During handling of the above exception, another exception occurred:

Traceback (most recent call last):
  File "/gscratch/stf/rpande/lora-context-distillation/.venv/lib/python3.10/site-packages/minisweagent/run/extra/swebench.py", line 152, in process_instance
    exit_status, result = agent.run(task)
  File "/gscratch/stf/rpande/lora-context-distillation/.venv/lib/python3.10/site-packages/minisweagent/agents/default.py", line 81, in run
    self.step()
  File "/gscratch/stf/rpande/lora-context-distillation/.venv/lib/python3.10/site-packages/minisweagent/run/extra/swebench.py", line 66, in step
    return super().step()
  File "/gscratch/stf/rpande/lora-context-distillation/.venv/lib/python3.10/site-packages/minisweagent/agents/default.py", line 90, in step
    return self.get_observation(self.query())
  File "/gscratch/stf/rpande/lora-context-distillation/.venv/lib/python3.10/site-packages/minisweagent/agents/default.py", line 96, in query
    response = self.model.query(self.messages)
  File "/gscratch/stf/rpande/lora-context-distillation/.venv/lib/python3.10/site-packages/minisweagent/models/litellm_model.py", line 70, in query
    cost = litellm.cost_calculator.completion_cost(response)
  File "/gscratch/stf/rpande/lora-context-distillation/.venv/lib/python3.10/site-packages/litellm/cost_calculator.py", line 1163, in completion_cost
    raise e
  File "/gscratch/stf/rpande/lora-context-distillation/.venv/lib/python3.10/site-packages/litellm/cost_calculator.py", line 1156, in completion_cost
    raise e
  File "/gscratch/stf/rpande/lora-context-distillation/.venv/lib/python3.10/site-packages/litellm/cost_calculator.py", line 1095, in completion_cost
    ) = cost_per_token(
  File "/gscratch/stf/rpande/lora-context-distillation/.venv/lib/python3.10/site-packages/litellm/cost_calculator.py", line 407, in cost_per_token
    model_info = _cached_get_model_info_helper(
  File "/gscratch/stf/rpande/lora-context-distillation/.venv/lib/python3.10/site-packages/litellm/utils.py", line 4769, in _cached_get_model_info_helper
    return _get_model_info_helper(model=model, custom_llm_provider=custom_llm_provider)
  File "/gscratch/stf/rpande/lora-context-distillation/.venv/lib/python3.10/site-packages/litellm/utils.py", line 5081, in _get_model_info_helper
    raise Exception(
Exception: This model isn't mapped yet. model=hosted_vllm/Qwen/Qwen3-30B-A3B-Thinking-2507, custom_llm_provider=hosted_vllm. Add it here - https://github.com/BerriAI/litellm/blob/main/model_prices_and_context_window.json.
2026-01-04 22:34:18,286 - minisweagent - INFO - Saved trajectory to 'runs/qwen3-32101988/swe/django__django-11790/django__django-11790.traj.json'
2026-01-04 22:37:52,386 - minisweagent - ERROR - Error processing instance django__django-11815: This model isn't mapped yet. model=hosted_vllm/Qwen/Qwen3-30B-A3B-Thinking-2507, custom_llm_provider=hosted_vllm. Add it here - https://github.com/BerriAI/litellm/blob/main/model_prices_and_context_window.json.
Traceback (most recent call last):
  File "/gscratch/stf/rpande/lora-context-distillation/.venv/lib/python3.10/site-packages/litellm/utils.py", line 4917, in _get_model_info_helper
    raise ValueError(
ValueError: This model isn't mapped yet. Add it here - https://github.com/BerriAI/litellm/blob/main/model_prices_and_context_window.json

During handling of the above exception, another exception occurred:

Traceback (most recent call last):
  File "/gscratch/stf/rpande/lora-context-distillation/.venv/lib/python3.10/site-packages/minisweagent/run/extra/swebench.py", line 152, in process_instance
    exit_status, result = agent.run(task)
  File "/gscratch/stf/rpande/lora-context-distillation/.venv/lib/python3.10/site-packages/minisweagent/agents/default.py", line 81, in run
    self.step()
  File "/gscratch/stf/rpande/lora-context-distillation/.venv/lib/python3.10/site-packages/minisweagent/run/extra/swebench.py", line 66, in step
    return super().step()
  File "/gscratch/stf/rpande/lora-context-distillation/.venv/lib/python3.10/site-packages/minisweagent/agents/default.py", line 90, in step
    return self.get_observation(self.query())
  File "/gscratch/stf/rpande/lora-context-distillation/.venv/lib/python3.10/site-packages/minisweagent/agents/default.py", line 96, in query
    response = self.model.query(self.messages)
  File "/gscratch/stf/rpande/lora-context-distillation/.venv/lib/python3.10/site-packages/minisweagent/models/litellm_model.py", line 70, in query
    cost = litellm.cost_calculator.completion_cost(response)
  File "/gscratch/stf/rpande/lora-context-distillation/.venv/lib/python3.10/site-packages/litellm/cost_calculator.py", line 1163, in completion_cost
    raise e
  File "/gscratch/stf/rpande/lora-context-distillation/.venv/lib/python3.10/site-packages/litellm/cost_calculator.py", line 1156, in completion_cost
    raise e
  File "/gscratch/stf/rpande/lora-context-distillation/.venv/lib/python3.10/site-packages/litellm/cost_calculator.py", line 1095, in completion_cost
    ) = cost_per_token(
  File "/gscratch/stf/rpande/lora-context-distillation/.venv/lib/python3.10/site-packages/litellm/cost_calculator.py", line 407, in cost_per_token
    model_info = _cached_get_model_info_helper(
  File "/gscratch/stf/rpande/lora-context-distillation/.venv/lib/python3.10/site-packages/litellm/utils.py", line 4769, in _cached_get_model_info_helper
    return _get_model_info_helper(model=model, custom_llm_provider=custom_llm_provider)
  File "/gscratch/stf/rpande/lora-context-distillation/.venv/lib/python3.10/site-packages/litellm/utils.py", line 5081, in _get_model_info_helper
    raise Exception(
Exception: This model isn't mapped yet. model=hosted_vllm/Qwen/Qwen3-30B-A3B-Thinking-2507, custom_llm_provider=hosted_vllm. Add it here - https://github.com/BerriAI/litellm/blob/main/model_prices_and_context_window.json.
2026-01-04 22:37:52,398 - minisweagent - INFO - Saved trajectory to 'runs/qwen3-32101988/swe/django__django-11815/django__django-11815.traj.json'
2026-01-04 22:46:34,858 - minisweagent - ERROR - Error processing instance django__django-11848: This model isn't mapped yet. model=hosted_vllm/Qwen/Qwen3-30B-A3B-Thinking-2507, custom_llm_provider=hosted_vllm. Add it here - https://github.com/BerriAI/litellm/blob/main/model_prices_and_context_window.json.
Traceback (most recent call last):
  File "/gscratch/stf/rpande/lora-context-distillation/.venv/lib/python3.10/site-packages/litellm/utils.py", line 4917, in _get_model_info_helper
    raise ValueError(
ValueError: This model isn't mapped yet. Add it here - https://github.com/BerriAI/litellm/blob/main/model_prices_and_context_window.json

During handling of the above exception, another exception occurred:

Traceback (most recent call last):
  File "/gscratch/stf/rpande/lora-context-distillation/.venv/lib/python3.10/site-packages/minisweagent/run/extra/swebench.py", line 152, in process_instance
    exit_status, result = agent.run(task)
  File "/gscratch/stf/rpande/lora-context-distillation/.venv/lib/python3.10/site-packages/minisweagent/agents/default.py", line 81, in run
    self.step()
  File "/gscratch/stf/rpande/lora-context-distillation/.venv/lib/python3.10/site-packages/minisweagent/run/extra/swebench.py", line 66, in step
    return super().step()
  File "/gscratch/stf/rpande/lora-context-distillation/.venv/lib/python3.10/site-packages/minisweagent/agents/default.py", line 90, in step
    return self.get_observation(self.query())
  File "/gscratch/stf/rpande/lora-context-distillation/.venv/lib/python3.10/site-packages/minisweagent/agents/default.py", line 96, in query
    response = self.model.query(self.messages)
  File "/gscratch/stf/rpande/lora-context-distillation/.venv/lib/python3.10/site-packages/minisweagent/models/litellm_model.py", line 70, in query
    cost = litellm.cost_calculator.completion_cost(response)
  File "/gscratch/stf/rpande/lora-context-distillation/.venv/lib/python3.10/site-packages/litellm/cost_calculator.py", line 1163, in completion_cost
    raise e
  File "/gscratch/stf/rpande/lora-context-distillation/.venv/lib/python3.10/site-packages/litellm/cost_calculator.py", line 1156, in completion_cost
    raise e
  File "/gscratch/stf/rpande/lora-context-distillation/.venv/lib/python3.10/site-packages/litellm/cost_calculator.py", line 1095, in completion_cost
    ) = cost_per_token(
  File "/gscratch/stf/rpande/lora-context-distillation/.venv/lib/python3.10/site-packages/litellm/cost_calculator.py", line 407, in cost_per_token
    model_info = _cached_get_model_info_helper(
  File "/gscratch/stf/rpande/lora-context-distillation/.venv/lib/python3.10/site-packages/litellm/utils.py", line 4769, in _cached_get_model_info_helper
    return _get_model_info_helper(model=model, custom_llm_provider=custom_llm_provider)
  File "/gscratch/stf/rpande/lora-context-distillation/.venv/lib/python3.10/site-packages/litellm/utils.py", line 5081, in _get_model_info_helper
    raise Exception(
Exception: This model isn't mapped yet. model=hosted_vllm/Qwen/Qwen3-30B-A3B-Thinking-2507, custom_llm_provider=hosted_vllm. Add it here - https://github.com/BerriAI/litellm/blob/main/model_prices_and_context_window.json.
2026-01-04 22:46:34,873 - minisweagent - INFO - Saved trajectory to 'runs/qwen3-32101988/swe/django__django-11848/django__django-11848.traj.json'
2026-01-04 22:49:15,214 - minisweagent - ERROR - Error processing instance django__django-11880: This model isn't mapped yet. model=hosted_vllm/Qwen/Qwen3-30B-A3B-Thinking-2507, custom_llm_provider=hosted_vllm. Add it here - https://github.com/BerriAI/litellm/blob/main/model_prices_and_context_window.json.
Traceback (most recent call last):
  File "/gscratch/stf/rpande/lora-context-distillation/.venv/lib/python3.10/site-packages/litellm/utils.py", line 4917, in _get_model_info_helper
    raise ValueError(
ValueError: This model isn't mapped yet. Add it here - https://github.com/BerriAI/litellm/blob/main/model_prices_and_context_window.json

During handling of the above exception, another exception occurred:

Traceback (most recent call last):
  File "/gscratch/stf/rpande/lora-context-distillation/.venv/lib/python3.10/site-packages/minisweagent/run/extra/swebench.py", line 152, in process_instance
    exit_status, result = agent.run(task)
  File "/gscratch/stf/rpande/lora-context-distillation/.venv/lib/python3.10/site-packages/minisweagent/agents/default.py", line 81, in run
    self.step()
  File "/gscratch/stf/rpande/lora-context-distillation/.venv/lib/python3.10/site-packages/minisweagent/run/extra/swebench.py", line 66, in step
    return super().step()
  File "/gscratch/stf/rpande/lora-context-distillation/.venv/lib/python3.10/site-packages/minisweagent/agents/default.py", line 90, in step
    return self.get_observation(self.query())
  File "/gscratch/stf/rpande/lora-context-distillation/.venv/lib/python3.10/site-packages/minisweagent/agents/default.py", line 96, in query
    response = self.model.query(self.messages)
  File "/gscratch/stf/rpande/lora-context-distillation/.venv/lib/python3.10/site-packages/minisweagent/models/litellm_model.py", line 70, in query
    cost = litellm.cost_calculator.completion_cost(response)
  File "/gscratch/stf/rpande/lora-context-distillation/.venv/lib/python3.10/site-packages/litellm/cost_calculator.py", line 1163, in completion_cost
    raise e
  File "/gscratch/stf/rpande/lora-context-distillation/.venv/lib/python3.10/site-packages/litellm/cost_calculator.py", line 1156, in completion_cost
    raise e
  File "/gscratch/stf/rpande/lora-context-distillation/.venv/lib/python3.10/site-packages/litellm/cost_calculator.py", line 1095, in completion_cost
    ) = cost_per_token(
  File "/gscratch/stf/rpande/lora-context-distillation/.venv/lib/python3.10/site-packages/litellm/cost_calculator.py", line 407, in cost_per_token
    model_info = _cached_get_model_info_helper(
  File "/gscratch/stf/rpande/lora-context-distillation/.venv/lib/python3.10/site-packages/litellm/utils.py", line 4769, in _cached_get_model_info_helper
    return _get_model_info_helper(model=model, custom_llm_provider=custom_llm_provider)
  File "/gscratch/stf/rpande/lora-context-distillation/.venv/lib/python3.10/site-packages/litellm/utils.py", line 5081, in _get_model_info_helper
    raise Exception(
Exception: This model isn't mapped yet. model=hosted_vllm/Qwen/Qwen3-30B-A3B-Thinking-2507, custom_llm_provider=hosted_vllm. Add it here - https://github.com/BerriAI/litellm/blob/main/model_prices_and_context_window.json.
2026-01-04 22:49:15,224 - minisweagent - INFO - Saved trajectory to 'runs/qwen3-32101988/swe/django__django-11880/django__django-11880.traj.json'
2026-01-04 22:53:45,478 - minisweagent - ERROR - Error processing instance django__django-11885: This model isn't mapped yet. model=hosted_vllm/Qwen/Qwen3-30B-A3B-Thinking-2507, custom_llm_provider=hosted_vllm. Add it here - https://github.com/BerriAI/litellm/blob/main/model_prices_and_context_window.json.
Traceback (most recent call last):
  File "/gscratch/stf/rpande/lora-context-distillation/.venv/lib/python3.10/site-packages/litellm/utils.py", line 4917, in _get_model_info_helper
    raise ValueError(
ValueError: This model isn't mapped yet. Add it here - https://github.com/BerriAI/litellm/blob/main/model_prices_and_context_window.json

During handling of the above exception, another exception occurred:

Traceback (most recent call last):
  File "/gscratch/stf/rpande/lora-context-distillation/.venv/lib/python3.10/site-packages/minisweagent/run/extra/swebench.py", line 152, in process_instance
    exit_status, result = agent.run(task)
  File "/gscratch/stf/rpande/lora-context-distillation/.venv/lib/python3.10/site-packages/minisweagent/agents/default.py", line 81, in run
    self.step()
  File "/gscratch/stf/rpande/lora-context-distillation/.venv/lib/python3.10/site-packages/minisweagent/run/extra/swebench.py", line 66, in step
    return super().step()
  File "/gscratch/stf/rpande/lora-context-distillation/.venv/lib/python3.10/site-packages/minisweagent/agents/default.py", line 90, in step
    return self.get_observation(self.query())
  File "/gscratch/stf/rpande/lora-context-distillation/.venv/lib/python3.10/site-packages/minisweagent/agents/default.py", line 96, in query
    response = self.model.query(self.messages)
  File "/gscratch/stf/rpande/lora-context-distillation/.venv/lib/python3.10/site-packages/minisweagent/models/litellm_model.py", line 70, in query
    cost = litellm.cost_calculator.completion_cost(response)
  File "/gscratch/stf/rpande/lora-context-distillation/.venv/lib/python3.10/site-packages/litellm/cost_calculator.py", line 1163, in completion_cost
    raise e
  File "/gscratch/stf/rpande/lora-context-distillation/.venv/lib/python3.10/site-packages/litellm/cost_calculator.py", line 1156, in completion_cost
    raise e
  File "/gscratch/stf/rpande/lora-context-distillation/.venv/lib/python3.10/site-packages/litellm/cost_calculator.py", line 1095, in completion_cost
    ) = cost_per_token(
  File "/gscratch/stf/rpande/lora-context-distillation/.venv/lib/python3.10/site-packages/litellm/cost_calculator.py", line 407, in cost_per_token
    model_info = _cached_get_model_info_helper(
  File "/gscratch/stf/rpande/lora-context-distillation/.venv/lib/python3.10/site-packages/litellm/utils.py", line 4769, in _cached_get_model_info_helper
    return _get_model_info_helper(model=model, custom_llm_provider=custom_llm_provider)
  File "/gscratch/stf/rpande/lora-context-distillation/.venv/lib/python3.10/site-packages/litellm/utils.py", line 5081, in _get_model_info_helper
    raise Exception(
Exception: This model isn't mapped yet. model=hosted_vllm/Qwen/Qwen3-30B-A3B-Thinking-2507, custom_llm_provider=hosted_vllm. Add it here - https://github.com/BerriAI/litellm/blob/main/model_prices_and_context_window.json.
2026-01-04 22:53:45,491 - minisweagent - INFO - Saved trajectory to 'runs/qwen3-32101988/swe/django__django-11885/django__django-11885.traj.json'
2026-01-04 22:56:05,355 - minisweagent - ERROR - Error processing instance django__django-11951: This model isn't mapped yet. model=hosted_vllm/Qwen/Qwen3-30B-A3B-Thinking-2507, custom_llm_provider=hosted_vllm. Add it here - https://github.com/BerriAI/litellm/blob/main/model_prices_and_context_window.json.
Traceback (most recent call last):
  File "/gscratch/stf/rpande/lora-context-distillation/.venv/lib/python3.10/site-packages/litellm/utils.py", line 4917, in _get_model_info_helper
    raise ValueError(
ValueError: This model isn't mapped yet. Add it here - https://github.com/BerriAI/litellm/blob/main/model_prices_and_context_window.json

During handling of the above exception, another exception occurred:

Traceback (most recent call last):
  File "/gscratch/stf/rpande/lora-context-distillation/.venv/lib/python3.10/site-packages/minisweagent/run/extra/swebench.py", line 152, in process_instance
    exit_status, result = agent.run(task)
  File "/gscratch/stf/rpande/lora-context-distillation/.venv/lib/python3.10/site-packages/minisweagent/agents/default.py", line 81, in run
    self.step()
  File "/gscratch/stf/rpande/lora-context-distillation/.venv/lib/python3.10/site-packages/minisweagent/run/extra/swebench.py", line 66, in step
    return super().step()
  File "/gscratch/stf/rpande/lora-context-distillation/.venv/lib/python3.10/site-packages/minisweagent/agents/default.py", line 90, in step
    return self.get_observation(self.query())
  File "/gscratch/stf/rpande/lora-context-distillation/.venv/lib/python3.10/site-packages/minisweagent/agents/default.py", line 96, in query
    response = self.model.query(self.messages)
  File "/gscratch/stf/rpande/lora-context-distillation/.venv/lib/python3.10/site-packages/minisweagent/models/litellm_model.py", line 70, in query
    cost = litellm.cost_calculator.completion_cost(response)
  File "/gscratch/stf/rpande/lora-context-distillation/.venv/lib/python3.10/site-packages/litellm/cost_calculator.py", line 1163, in completion_cost
    raise e
  File "/gscratch/stf/rpande/lora-context-distillation/.venv/lib/python3.10/site-packages/litellm/cost_calculator.py", line 1156, in completion_cost
    raise e
  File "/gscratch/stf/rpande/lora-context-distillation/.venv/lib/python3.10/site-packages/litellm/cost_calculator.py", line 1095, in completion_cost
    ) = cost_per_token(
  File "/gscratch/stf/rpande/lora-context-distillation/.venv/lib/python3.10/site-packages/litellm/cost_calculator.py", line 407, in cost_per_token
    model_info = _cached_get_model_info_helper(
  File "/gscratch/stf/rpande/lora-context-distillation/.venv/lib/python3.10/site-packages/litellm/utils.py", line 4769, in _cached_get_model_info_helper
    return _get_model_info_helper(model=model, custom_llm_provider=custom_llm_provider)
  File "/gscratch/stf/rpande/lora-context-distillation/.venv/lib/python3.10/site-packages/litellm/utils.py", line 5081, in _get_model_info_helper
    raise Exception(
Exception: This model isn't mapped yet. model=hosted_vllm/Qwen/Qwen3-30B-A3B-Thinking-2507, custom_llm_provider=hosted_vllm. Add it here - https://github.com/BerriAI/litellm/blob/main/model_prices_and_context_window.json.
2026-01-04 22:56:05,366 - minisweagent - INFO - Saved trajectory to 'runs/qwen3-32101988/swe/django__django-11951/django__django-11951.traj.json'
2026-01-04 23:03:17,633 - minisweagent - ERROR - Error processing instance django__django-11964: This model isn't mapped yet. model=hosted_vllm/Qwen/Qwen3-30B-A3B-Thinking-2507, custom_llm_provider=hosted_vllm. Add it here - https://github.com/BerriAI/litellm/blob/main/model_prices_and_context_window.json.
Traceback (most recent call last):
  File "/gscratch/stf/rpande/lora-context-distillation/.venv/lib/python3.10/site-packages/litellm/utils.py", line 4917, in _get_model_info_helper
    raise ValueError(
ValueError: This model isn't mapped yet. Add it here - https://github.com/BerriAI/litellm/blob/main/model_prices_and_context_window.json

During handling of the above exception, another exception occurred:

Traceback (most recent call last):
  File "/gscratch/stf/rpande/lora-context-distillation/.venv/lib/python3.10/site-packages/minisweagent/run/extra/swebench.py", line 152, in process_instance
    exit_status, result = agent.run(task)
  File "/gscratch/stf/rpande/lora-context-distillation/.venv/lib/python3.10/site-packages/minisweagent/agents/default.py", line 81, in run
    self.step()
  File "/gscratch/stf/rpande/lora-context-distillation/.venv/lib/python3.10/site-packages/minisweagent/run/extra/swebench.py", line 66, in step
    return super().step()
  File "/gscratch/stf/rpande/lora-context-distillation/.venv/lib/python3.10/site-packages/minisweagent/agents/default.py", line 90, in step
    return self.get_observation(self.query())
  File "/gscratch/stf/rpande/lora-context-distillation/.venv/lib/python3.10/site-packages/minisweagent/agents/default.py", line 96, in query
    response = self.model.query(self.messages)
  File "/gscratch/stf/rpande/lora-context-distillation/.venv/lib/python3.10/site-packages/minisweagent/models/litellm_model.py", line 70, in query
    cost = litellm.cost_calculator.completion_cost(response)
  File "/gscratch/stf/rpande/lora-context-distillation/.venv/lib/python3.10/site-packages/litellm/cost_calculator.py", line 1163, in completion_cost
    raise e
  File "/gscratch/stf/rpande/lora-context-distillation/.venv/lib/python3.10/site-packages/litellm/cost_calculator.py", line 1156, in completion_cost
    raise e
  File "/gscratch/stf/rpande/lora-context-distillation/.venv/lib/python3.10/site-packages/litellm/cost_calculator.py", line 1095, in completion_cost
    ) = cost_per_token(
  File "/gscratch/stf/rpande/lora-context-distillation/.venv/lib/python3.10/site-packages/litellm/cost_calculator.py", line 407, in cost_per_token
    model_info = _cached_get_model_info_helper(
  File "/gscratch/stf/rpande/lora-context-distillation/.venv/lib/python3.10/site-packages/litellm/utils.py", line 4769, in _cached_get_model_info_helper
    return _get_model_info_helper(model=model, custom_llm_provider=custom_llm_provider)
  File "/gscratch/stf/rpande/lora-context-distillation/.venv/lib/python3.10/site-packages/litellm/utils.py", line 5081, in _get_model_info_helper
    raise Exception(
Exception: This model isn't mapped yet. model=hosted_vllm/Qwen/Qwen3-30B-A3B-Thinking-2507, custom_llm_provider=hosted_vllm. Add it here - https://github.com/BerriAI/litellm/blob/main/model_prices_and_context_window.json.
2026-01-04 23:03:17,646 - minisweagent - INFO - Saved trajectory to 'runs/qwen3-32101988/swe/django__django-11964/django__django-11964.traj.json'
2026-01-04 23:09:44,408 - minisweagent - ERROR - Error processing instance django__django-11999: This model isn't mapped yet. model=hosted_vllm/Qwen/Qwen3-30B-A3B-Thinking-2507, custom_llm_provider=hosted_vllm. Add it here - https://github.com/BerriAI/litellm/blob/main/model_prices_and_context_window.json.
Traceback (most recent call last):
  File "/gscratch/stf/rpande/lora-context-distillation/.venv/lib/python3.10/site-packages/litellm/utils.py", line 4917, in _get_model_info_helper
    raise ValueError(
ValueError: This model isn't mapped yet. Add it here - https://github.com/BerriAI/litellm/blob/main/model_prices_and_context_window.json

During handling of the above exception, another exception occurred:

Traceback (most recent call last):
  File "/gscratch/stf/rpande/lora-context-distillation/.venv/lib/python3.10/site-packages/minisweagent/run/extra/swebench.py", line 152, in process_instance
    exit_status, result = agent.run(task)
  File "/gscratch/stf/rpande/lora-context-distillation/.venv/lib/python3.10/site-packages/minisweagent/agents/default.py", line 81, in run
    self.step()
  File "/gscratch/stf/rpande/lora-context-distillation/.venv/lib/python3.10/site-packages/minisweagent/run/extra/swebench.py", line 66, in step
    return super().step()
  File "/gscratch/stf/rpande/lora-context-distillation/.venv/lib/python3.10/site-packages/minisweagent/agents/default.py", line 90, in step
    return self.get_observation(self.query())
  File "/gscratch/stf/rpande/lora-context-distillation/.venv/lib/python3.10/site-packages/minisweagent/agents/default.py", line 96, in query
    response = self.model.query(self.messages)
  File "/gscratch/stf/rpande/lora-context-distillation/.venv/lib/python3.10/site-packages/minisweagent/models/litellm_model.py", line 70, in query
    cost = litellm.cost_calculator.completion_cost(response)
  File "/gscratch/stf/rpande/lora-context-distillation/.venv/lib/python3.10/site-packages/litellm/cost_calculator.py", line 1163, in completion_cost
    raise e
  File "/gscratch/stf/rpande/lora-context-distillation/.venv/lib/python3.10/site-packages/litellm/cost_calculator.py", line 1156, in completion_cost
    raise e
  File "/gscratch/stf/rpande/lora-context-distillation/.venv/lib/python3.10/site-packages/litellm/cost_calculator.py", line 1095, in completion_cost
    ) = cost_per_token(
  File "/gscratch/stf/rpande/lora-context-distillation/.venv/lib/python3.10/site-packages/litellm/cost_calculator.py", line 407, in cost_per_token
    model_info = _cached_get_model_info_helper(
  File "/gscratch/stf/rpande/lora-context-distillation/.venv/lib/python3.10/site-packages/litellm/utils.py", line 4769, in _cached_get_model_info_helper
    return _get_model_info_helper(model=model, custom_llm_provider=custom_llm_provider)
  File "/gscratch/stf/rpande/lora-context-distillation/.venv/lib/python3.10/site-packages/litellm/utils.py", line 5081, in _get_model_info_helper
    raise Exception(
Exception: This model isn't mapped yet. model=hosted_vllm/Qwen/Qwen3-30B-A3B-Thinking-2507, custom_llm_provider=hosted_vllm. Add it here - https://github.com/BerriAI/litellm/blob/main/model_prices_and_context_window.json.
2026-01-04 23:09:44,424 - minisweagent - INFO - Saved trajectory to 'runs/qwen3-32101988/swe/django__django-11999/django__django-11999.traj.json'
2026-01-04 23:15:30,769 - minisweagent - ERROR - Error processing instance django__django-12039: This model isn't mapped yet. model=hosted_vllm/Qwen/Qwen3-30B-A3B-Thinking-2507, custom_llm_provider=hosted_vllm. Add it here - https://github.com/BerriAI/litellm/blob/main/model_prices_and_context_window.json.
Traceback (most recent call last):
  File "/gscratch/stf/rpande/lora-context-distillation/.venv/lib/python3.10/site-packages/litellm/utils.py", line 4917, in _get_model_info_helper
    raise ValueError(
ValueError: This model isn't mapped yet. Add it here - https://github.com/BerriAI/litellm/blob/main/model_prices_and_context_window.json

During handling of the above exception, another exception occurred:

Traceback (most recent call last):
  File "/gscratch/stf/rpande/lora-context-distillation/.venv/lib/python3.10/site-packages/minisweagent/run/extra/swebench.py", line 152, in process_instance
    exit_status, result = agent.run(task)
  File "/gscratch/stf/rpande/lora-context-distillation/.venv/lib/python3.10/site-packages/minisweagent/agents/default.py", line 81, in run
    self.step()
  File "/gscratch/stf/rpande/lora-context-distillation/.venv/lib/python3.10/site-packages/minisweagent/run/extra/swebench.py", line 66, in step
    return super().step()
  File "/gscratch/stf/rpande/lora-context-distillation/.venv/lib/python3.10/site-packages/minisweagent/agents/default.py", line 90, in step
    return self.get_observation(self.query())
  File "/gscratch/stf/rpande/lora-context-distillation/.venv/lib/python3.10/site-packages/minisweagent/agents/default.py", line 96, in query
    response = self.model.query(self.messages)
  File "/gscratch/stf/rpande/lora-context-distillation/.venv/lib/python3.10/site-packages/minisweagent/models/litellm_model.py", line 70, in query
    cost = litellm.cost_calculator.completion_cost(response)
  File "/gscratch/stf/rpande/lora-context-distillation/.venv/lib/python3.10/site-packages/litellm/cost_calculator.py", line 1163, in completion_cost
    raise e
  File "/gscratch/stf/rpande/lora-context-distillation/.venv/lib/python3.10/site-packages/litellm/cost_calculator.py", line 1156, in completion_cost
    raise e
  File "/gscratch/stf/rpande/lora-context-distillation/.venv/lib/python3.10/site-packages/litellm/cost_calculator.py", line 1095, in completion_cost
    ) = cost_per_token(
  File "/gscratch/stf/rpande/lora-context-distillation/.venv/lib/python3.10/site-packages/litellm/cost_calculator.py", line 407, in cost_per_token
    model_info = _cached_get_model_info_helper(
  File "/gscratch/stf/rpande/lora-context-distillation/.venv/lib/python3.10/site-packages/litellm/utils.py", line 4769, in _cached_get_model_info_helper
    return _get_model_info_helper(model=model, custom_llm_provider=custom_llm_provider)
  File "/gscratch/stf/rpande/lora-context-distillation/.venv/lib/python3.10/site-packages/litellm/utils.py", line 5081, in _get_model_info_helper
    raise Exception(
Exception: This model isn't mapped yet. model=hosted_vllm/Qwen/Qwen3-30B-A3B-Thinking-2507, custom_llm_provider=hosted_vllm. Add it here - https://github.com/BerriAI/litellm/blob/main/model_prices_and_context_window.json.
2026-01-04 23:15:30,782 - minisweagent - INFO - Saved trajectory to 'runs/qwen3-32101988/swe/django__django-12039/django__django-12039.traj.json'
2026-01-04 23:18:03,196 - minisweagent - ERROR - Error processing instance django__django-12050: This model isn't mapped yet. model=hosted_vllm/Qwen/Qwen3-30B-A3B-Thinking-2507, custom_llm_provider=hosted_vllm. Add it here - https://github.com/BerriAI/litellm/blob/main/model_prices_and_context_window.json.
Traceback (most recent call last):
  File "/gscratch/stf/rpande/lora-context-distillation/.venv/lib/python3.10/site-packages/litellm/utils.py", line 4917, in _get_model_info_helper
    raise ValueError(
ValueError: This model isn't mapped yet. Add it here - https://github.com/BerriAI/litellm/blob/main/model_prices_and_context_window.json

During handling of the above exception, another exception occurred:

Traceback (most recent call last):
  File "/gscratch/stf/rpande/lora-context-distillation/.venv/lib/python3.10/site-packages/minisweagent/run/extra/swebench.py", line 152, in process_instance
    exit_status, result = agent.run(task)
  File "/gscratch/stf/rpande/lora-context-distillation/.venv/lib/python3.10/site-packages/minisweagent/agents/default.py", line 81, in run
    self.step()
  File "/gscratch/stf/rpande/lora-context-distillation/.venv/lib/python3.10/site-packages/minisweagent/run/extra/swebench.py", line 66, in step
    return super().step()
  File "/gscratch/stf/rpande/lora-context-distillation/.venv/lib/python3.10/site-packages/minisweagent/agents/default.py", line 90, in step
    return self.get_observation(self.query())
  File "/gscratch/stf/rpande/lora-context-distillation/.venv/lib/python3.10/site-packages/minisweagent/agents/default.py", line 96, in query
    response = self.model.query(self.messages)
  File "/gscratch/stf/rpande/lora-context-distillation/.venv/lib/python3.10/site-packages/minisweagent/models/litellm_model.py", line 70, in query
    cost = litellm.cost_calculator.completion_cost(response)
  File "/gscratch/stf/rpande/lora-context-distillation/.venv/lib/python3.10/site-packages/litellm/cost_calculator.py", line 1163, in completion_cost
    raise e
  File "/gscratch/stf/rpande/lora-context-distillation/.venv/lib/python3.10/site-packages/litellm/cost_calculator.py", line 1156, in completion_cost
    raise e
  File "/gscratch/stf/rpande/lora-context-distillation/.venv/lib/python3.10/site-packages/litellm/cost_calculator.py", line 1095, in completion_cost
    ) = cost_per_token(
  File "/gscratch/stf/rpande/lora-context-distillation/.venv/lib/python3.10/site-packages/litellm/cost_calculator.py", line 407, in cost_per_token
    model_info = _cached_get_model_info_helper(
  File "/gscratch/stf/rpande/lora-context-distillation/.venv/lib/python3.10/site-packages/litellm/utils.py", line 4769, in _cached_get_model_info_helper
    return _get_model_info_helper(model=model, custom_llm_provider=custom_llm_provider)
  File "/gscratch/stf/rpande/lora-context-distillation/.venv/lib/python3.10/site-packages/litellm/utils.py", line 5081, in _get_model_info_helper
    raise Exception(
Exception: This model isn't mapped yet. model=hosted_vllm/Qwen/Qwen3-30B-A3B-Thinking-2507, custom_llm_provider=hosted_vllm. Add it here - https://github.com/BerriAI/litellm/blob/main/model_prices_and_context_window.json.
2026-01-04 23:18:03,207 - minisweagent - INFO - Saved trajectory to 'runs/qwen3-32101988/swe/django__django-12050/django__django-12050.traj.json'
2026-01-04 23:21:03,963 - minisweagent - ERROR - Error processing instance django__django-12143: This model isn't mapped yet. model=hosted_vllm/Qwen/Qwen3-30B-A3B-Thinking-2507, custom_llm_provider=hosted_vllm. Add it here - https://github.com/BerriAI/litellm/blob/main/model_prices_and_context_window.json.
Traceback (most recent call last):
  File "/gscratch/stf/rpande/lora-context-distillation/.venv/lib/python3.10/site-packages/litellm/utils.py", line 4917, in _get_model_info_helper
    raise ValueError(
ValueError: This model isn't mapped yet. Add it here - https://github.com/BerriAI/litellm/blob/main/model_prices_and_context_window.json

During handling of the above exception, another exception occurred:

Traceback (most recent call last):
  File "/gscratch/stf/rpande/lora-context-distillation/.venv/lib/python3.10/site-packages/minisweagent/run/extra/swebench.py", line 152, in process_instance
    exit_status, result = agent.run(task)
  File "/gscratch/stf/rpande/lora-context-distillation/.venv/lib/python3.10/site-packages/minisweagent/agents/default.py", line 81, in run
    self.step()
  File "/gscratch/stf/rpande/lora-context-distillation/.venv/lib/python3.10/site-packages/minisweagent/run/extra/swebench.py", line 66, in step
    return super().step()
  File "/gscratch/stf/rpande/lora-context-distillation/.venv/lib/python3.10/site-packages/minisweagent/agents/default.py", line 90, in step
    return self.get_observation(self.query())
  File "/gscratch/stf/rpande/lora-context-distillation/.venv/lib/python3.10/site-packages/minisweagent/agents/default.py", line 96, in query
    response = self.model.query(self.messages)
  File "/gscratch/stf/rpande/lora-context-distillation/.venv/lib/python3.10/site-packages/minisweagent/models/litellm_model.py", line 70, in query
    cost = litellm.cost_calculator.completion_cost(response)
  File "/gscratch/stf/rpande/lora-context-distillation/.venv/lib/python3.10/site-packages/litellm/cost_calculator.py", line 1163, in completion_cost
    raise e
  File "/gscratch/stf/rpande/lora-context-distillation/.venv/lib/python3.10/site-packages/litellm/cost_calculator.py", line 1156, in completion_cost
    raise e
  File "/gscratch/stf/rpande/lora-context-distillation/.venv/lib/python3.10/site-packages/litellm/cost_calculator.py", line 1095, in completion_cost
    ) = cost_per_token(
  File "/gscratch/stf/rpande/lora-context-distillation/.venv/lib/python3.10/site-packages/litellm/cost_calculator.py", line 407, in cost_per_token
    model_info = _cached_get_model_info_helper(
  File "/gscratch/stf/rpande/lora-context-distillation/.venv/lib/python3.10/site-packages/litellm/utils.py", line 4769, in _cached_get_model_info_helper
    return _get_model_info_helper(model=model, custom_llm_provider=custom_llm_provider)
  File "/gscratch/stf/rpande/lora-context-distillation/.venv/lib/python3.10/site-packages/litellm/utils.py", line 5081, in _get_model_info_helper
    raise Exception(
Exception: This model isn't mapped yet. model=hosted_vllm/Qwen/Qwen3-30B-A3B-Thinking-2507, custom_llm_provider=hosted_vllm. Add it here - https://github.com/BerriAI/litellm/blob/main/model_prices_and_context_window.json.
2026-01-04 23:21:03,974 - minisweagent - INFO - Saved trajectory to 'runs/qwen3-32101988/swe/django__django-12143/django__django-12143.traj.json'
2026-01-04 23:23:04,730 - minisweagent - ERROR - Error processing instance django__django-12155: This model isn't mapped yet. model=hosted_vllm/Qwen/Qwen3-30B-A3B-Thinking-2507, custom_llm_provider=hosted_vllm. Add it here - https://github.com/BerriAI/litellm/blob/main/model_prices_and_context_window.json.
Traceback (most recent call last):
  File "/gscratch/stf/rpande/lora-context-distillation/.venv/lib/python3.10/site-packages/litellm/utils.py", line 4917, in _get_model_info_helper
    raise ValueError(
ValueError: This model isn't mapped yet. Add it here - https://github.com/BerriAI/litellm/blob/main/model_prices_and_context_window.json

During handling of the above exception, another exception occurred:

Traceback (most recent call last):
  File "/gscratch/stf/rpande/lora-context-distillation/.venv/lib/python3.10/site-packages/minisweagent/run/extra/swebench.py", line 152, in process_instance
    exit_status, result = agent.run(task)
  File "/gscratch/stf/rpande/lora-context-distillation/.venv/lib/python3.10/site-packages/minisweagent/agents/default.py", line 81, in run
    self.step()
  File "/gscratch/stf/rpande/lora-context-distillation/.venv/lib/python3.10/site-packages/minisweagent/run/extra/swebench.py", line 66, in step
    return super().step()
  File "/gscratch/stf/rpande/lora-context-distillation/.venv/lib/python3.10/site-packages/minisweagent/agents/default.py", line 90, in step
    return self.get_observation(self.query())
  File "/gscratch/stf/rpande/lora-context-distillation/.venv/lib/python3.10/site-packages/minisweagent/agents/default.py", line 96, in query
    response = self.model.query(self.messages)
  File "/gscratch/stf/rpande/lora-context-distillation/.venv/lib/python3.10/site-packages/minisweagent/models/litellm_model.py", line 70, in query
    cost = litellm.cost_calculator.completion_cost(response)
  File "/gscratch/stf/rpande/lora-context-distillation/.venv/lib/python3.10/site-packages/litellm/cost_calculator.py", line 1163, in completion_cost
    raise e
  File "/gscratch/stf/rpande/lora-context-distillation/.venv/lib/python3.10/site-packages/litellm/cost_calculator.py", line 1156, in completion_cost
    raise e
  File "/gscratch/stf/rpande/lora-context-distillation/.venv/lib/python3.10/site-packages/litellm/cost_calculator.py", line 1095, in completion_cost
    ) = cost_per_token(
  File "/gscratch/stf/rpande/lora-context-distillation/.venv/lib/python3.10/site-packages/litellm/cost_calculator.py", line 407, in cost_per_token
    model_info = _cached_get_model_info_helper(
  File "/gscratch/stf/rpande/lora-context-distillation/.venv/lib/python3.10/site-packages/litellm/utils.py", line 4769, in _cached_get_model_info_helper
    return _get_model_info_helper(model=model, custom_llm_provider=custom_llm_provider)
  File "/gscratch/stf/rpande/lora-context-distillation/.venv/lib/python3.10/site-packages/litellm/utils.py", line 5081, in _get_model_info_helper
    raise Exception(
Exception: This model isn't mapped yet. model=hosted_vllm/Qwen/Qwen3-30B-A3B-Thinking-2507, custom_llm_provider=hosted_vllm. Add it here - https://github.com/BerriAI/litellm/blob/main/model_prices_and_context_window.json.
2026-01-04 23:23:04,740 - minisweagent - INFO - Saved trajectory to 'runs/qwen3-32101988/swe/django__django-12155/django__django-12155.traj.json'
2026-01-04 23:28:07,748 - minisweagent - ERROR - Error processing instance django__django-12193: This model isn't mapped yet. model=hosted_vllm/Qwen/Qwen3-30B-A3B-Thinking-2507, custom_llm_provider=hosted_vllm. Add it here - https://github.com/BerriAI/litellm/blob/main/model_prices_and_context_window.json.
Traceback (most recent call last):
  File "/gscratch/stf/rpande/lora-context-distillation/.venv/lib/python3.10/site-packages/litellm/utils.py", line 4917, in _get_model_info_helper
    raise ValueError(
ValueError: This model isn't mapped yet. Add it here - https://github.com/BerriAI/litellm/blob/main/model_prices_and_context_window.json

During handling of the above exception, another exception occurred:

Traceback (most recent call last):
  File "/gscratch/stf/rpande/lora-context-distillation/.venv/lib/python3.10/site-packages/minisweagent/run/extra/swebench.py", line 152, in process_instance
    exit_status, result = agent.run(task)
  File "/gscratch/stf/rpande/lora-context-distillation/.venv/lib/python3.10/site-packages/minisweagent/agents/default.py", line 81, in run
    self.step()
  File "/gscratch/stf/rpande/lora-context-distillation/.venv/lib/python3.10/site-packages/minisweagent/run/extra/swebench.py", line 66, in step
    return super().step()
  File "/gscratch/stf/rpande/lora-context-distillation/.venv/lib/python3.10/site-packages/minisweagent/agents/default.py", line 90, in step
    return self.get_observation(self.query())
  File "/gscratch/stf/rpande/lora-context-distillation/.venv/lib/python3.10/site-packages/minisweagent/agents/default.py", line 96, in query
    response = self.model.query(self.messages)
  File "/gscratch/stf/rpande/lora-context-distillation/.venv/lib/python3.10/site-packages/minisweagent/models/litellm_model.py", line 70, in query
    cost = litellm.cost_calculator.completion_cost(response)
  File "/gscratch/stf/rpande/lora-context-distillation/.venv/lib/python3.10/site-packages/litellm/cost_calculator.py", line 1163, in completion_cost
    raise e
  File "/gscratch/stf/rpande/lora-context-distillation/.venv/lib/python3.10/site-packages/litellm/cost_calculator.py", line 1156, in completion_cost
    raise e
  File "/gscratch/stf/rpande/lora-context-distillation/.venv/lib/python3.10/site-packages/litellm/cost_calculator.py", line 1095, in completion_cost
    ) = cost_per_token(
  File "/gscratch/stf/rpande/lora-context-distillation/.venv/lib/python3.10/site-packages/litellm/cost_calculator.py", line 407, in cost_per_token
    model_info = _cached_get_model_info_helper(
  File "/gscratch/stf/rpande/lora-context-distillation/.venv/lib/python3.10/site-packages/litellm/utils.py", line 4769, in _cached_get_model_info_helper
    return _get_model_info_helper(model=model, custom_llm_provider=custom_llm_provider)
  File "/gscratch/stf/rpande/lora-context-distillation/.venv/lib/python3.10/site-packages/litellm/utils.py", line 5081, in _get_model_info_helper
    raise Exception(
Exception: This model isn't mapped yet. model=hosted_vllm/Qwen/Qwen3-30B-A3B-Thinking-2507, custom_llm_provider=hosted_vllm. Add it here - https://github.com/BerriAI/litellm/blob/main/model_prices_and_context_window.json.
2026-01-04 23:28:07,760 - minisweagent - INFO - Saved trajectory to 'runs/qwen3-32101988/swe/django__django-12193/django__django-12193.traj.json'
2026-01-04 23:29:50,835 - minisweagent - ERROR - Error processing instance django__django-12209: This model isn't mapped yet. model=hosted_vllm/Qwen/Qwen3-30B-A3B-Thinking-2507, custom_llm_provider=hosted_vllm. Add it here - https://github.com/BerriAI/litellm/blob/main/model_prices_and_context_window.json.
Traceback (most recent call last):
  File "/gscratch/stf/rpande/lora-context-distillation/.venv/lib/python3.10/site-packages/litellm/utils.py", line 4917, in _get_model_info_helper
    raise ValueError(
ValueError: This model isn't mapped yet. Add it here - https://github.com/BerriAI/litellm/blob/main/model_prices_and_context_window.json

During handling of the above exception, another exception occurred:

Traceback (most recent call last):
  File "/gscratch/stf/rpande/lora-context-distillation/.venv/lib/python3.10/site-packages/minisweagent/run/extra/swebench.py", line 152, in process_instance
    exit_status, result = agent.run(task)
  File "/gscratch/stf/rpande/lora-context-distillation/.venv/lib/python3.10/site-packages/minisweagent/agents/default.py", line 81, in run
    self.step()
  File "/gscratch/stf/rpande/lora-context-distillation/.venv/lib/python3.10/site-packages/minisweagent/run/extra/swebench.py", line 66, in step
    return super().step()
  File "/gscratch/stf/rpande/lora-context-distillation/.venv/lib/python3.10/site-packages/minisweagent/agents/default.py", line 90, in step
    return self.get_observation(self.query())
  File "/gscratch/stf/rpande/lora-context-distillation/.venv/lib/python3.10/site-packages/minisweagent/agents/default.py", line 96, in query
    response = self.model.query(self.messages)
  File "/gscratch/stf/rpande/lora-context-distillation/.venv/lib/python3.10/site-packages/minisweagent/models/litellm_model.py", line 70, in query
    cost = litellm.cost_calculator.completion_cost(response)
  File "/gscratch/stf/rpande/lora-context-distillation/.venv/lib/python3.10/site-packages/litellm/cost_calculator.py", line 1163, in completion_cost
    raise e
  File "/gscratch/stf/rpande/lora-context-distillation/.venv/lib/python3.10/site-packages/litellm/cost_calculator.py", line 1156, in completion_cost
    raise e
  File "/gscratch/stf/rpande/lora-context-distillation/.venv/lib/python3.10/site-packages/litellm/cost_calculator.py", line 1095, in completion_cost
    ) = cost_per_token(
  File "/gscratch/stf/rpande/lora-context-distillation/.venv/lib/python3.10/site-packages/litellm/cost_calculator.py", line 407, in cost_per_token
    model_info = _cached_get_model_info_helper(
  File "/gscratch/stf/rpande/lora-context-distillation/.venv/lib/python3.10/site-packages/litellm/utils.py", line 4769, in _cached_get_model_info_helper
    return _get_model_info_helper(model=model, custom_llm_provider=custom_llm_provider)
  File "/gscratch/stf/rpande/lora-context-distillation/.venv/lib/python3.10/site-packages/litellm/utils.py", line 5081, in _get_model_info_helper
    raise Exception(
Exception: This model isn't mapped yet. model=hosted_vllm/Qwen/Qwen3-30B-A3B-Thinking-2507, custom_llm_provider=hosted_vllm. Add it here - https://github.com/BerriAI/litellm/blob/main/model_prices_and_context_window.json.
2026-01-04 23:29:50,845 - minisweagent - INFO - Saved trajectory to 'runs/qwen3-32101988/swe/django__django-12209/django__django-12209.traj.json'
2026-01-04 23:32:09,485 - minisweagent - ERROR - Error processing instance django__django-12262: This model isn't mapped yet. model=hosted_vllm/Qwen/Qwen3-30B-A3B-Thinking-2507, custom_llm_provider=hosted_vllm. Add it here - https://github.com/BerriAI/litellm/blob/main/model_prices_and_context_window.json.
Traceback (most recent call last):
  File "/gscratch/stf/rpande/lora-context-distillation/.venv/lib/python3.10/site-packages/litellm/utils.py", line 4917, in _get_model_info_helper
    raise ValueError(
ValueError: This model isn't mapped yet. Add it here - https://github.com/BerriAI/litellm/blob/main/model_prices_and_context_window.json

During handling of the above exception, another exception occurred:

Traceback (most recent call last):
  File "/gscratch/stf/rpande/lora-context-distillation/.venv/lib/python3.10/site-packages/minisweagent/run/extra/swebench.py", line 152, in process_instance
    exit_status, result = agent.run(task)
  File "/gscratch/stf/rpande/lora-context-distillation/.venv/lib/python3.10/site-packages/minisweagent/agents/default.py", line 81, in run
    self.step()
  File "/gscratch/stf/rpande/lora-context-distillation/.venv/lib/python3.10/site-packages/minisweagent/run/extra/swebench.py", line 66, in step
    return super().step()
  File "/gscratch/stf/rpande/lora-context-distillation/.venv/lib/python3.10/site-packages/minisweagent/agents/default.py", line 90, in step
    return self.get_observation(self.query())
  File "/gscratch/stf/rpande/lora-context-distillation/.venv/lib/python3.10/site-packages/minisweagent/agents/default.py", line 96, in query
    response = self.model.query(self.messages)
  File "/gscratch/stf/rpande/lora-context-distillation/.venv/lib/python3.10/site-packages/minisweagent/models/litellm_model.py", line 70, in query
    cost = litellm.cost_calculator.completion_cost(response)
  File "/gscratch/stf/rpande/lora-context-distillation/.venv/lib/python3.10/site-packages/litellm/cost_calculator.py", line 1163, in completion_cost
    raise e
  File "/gscratch/stf/rpande/lora-context-distillation/.venv/lib/python3.10/site-packages/litellm/cost_calculator.py", line 1156, in completion_cost
    raise e
  File "/gscratch/stf/rpande/lora-context-distillation/.venv/lib/python3.10/site-packages/litellm/cost_calculator.py", line 1095, in completion_cost
    ) = cost_per_token(
  File "/gscratch/stf/rpande/lora-context-distillation/.venv/lib/python3.10/site-packages/litellm/cost_calculator.py", line 407, in cost_per_token
    model_info = _cached_get_model_info_helper(
  File "/gscratch/stf/rpande/lora-context-distillation/.venv/lib/python3.10/site-packages/litellm/utils.py", line 4769, in _cached_get_model_info_helper
    return _get_model_info_helper(model=model, custom_llm_provider=custom_llm_provider)
  File "/gscratch/stf/rpande/lora-context-distillation/.venv/lib/python3.10/site-packages/litellm/utils.py", line 5081, in _get_model_info_helper
    raise Exception(
Exception: This model isn't mapped yet. model=hosted_vllm/Qwen/Qwen3-30B-A3B-Thinking-2507, custom_llm_provider=hosted_vllm. Add it here - https://github.com/BerriAI/litellm/blob/main/model_prices_and_context_window.json.
2026-01-04 23:32:09,497 - minisweagent - INFO - Saved trajectory to 'runs/qwen3-32101988/swe/django__django-12262/django__django-12262.traj.json'
2026-01-04 23:37:22,824 - minisweagent - ERROR - Error processing instance django__django-12273: This model isn't mapped yet. model=hosted_vllm/Qwen/Qwen3-30B-A3B-Thinking-2507, custom_llm_provider=hosted_vllm. Add it here - https://github.com/BerriAI/litellm/blob/main/model_prices_and_context_window.json.
Traceback (most recent call last):
  File "/gscratch/stf/rpande/lora-context-distillation/.venv/lib/python3.10/site-packages/litellm/utils.py", line 4917, in _get_model_info_helper
    raise ValueError(
ValueError: This model isn't mapped yet. Add it here - https://github.com/BerriAI/litellm/blob/main/model_prices_and_context_window.json

During handling of the above exception, another exception occurred:

Traceback (most recent call last):
  File "/gscratch/stf/rpande/lora-context-distillation/.venv/lib/python3.10/site-packages/minisweagent/run/extra/swebench.py", line 152, in process_instance
    exit_status, result = agent.run(task)
  File "/gscratch/stf/rpande/lora-context-distillation/.venv/lib/python3.10/site-packages/minisweagent/agents/default.py", line 81, in run
    self.step()
  File "/gscratch/stf/rpande/lora-context-distillation/.venv/lib/python3.10/site-packages/minisweagent/run/extra/swebench.py", line 66, in step
    return super().step()
  File "/gscratch/stf/rpande/lora-context-distillation/.venv/lib/python3.10/site-packages/minisweagent/agents/default.py", line 90, in step
    return self.get_observation(self.query())
  File "/gscratch/stf/rpande/lora-context-distillation/.venv/lib/python3.10/site-packages/minisweagent/agents/default.py", line 96, in query
    response = self.model.query(self.messages)
  File "/gscratch/stf/rpande/lora-context-distillation/.venv/lib/python3.10/site-packages/minisweagent/models/litellm_model.py", line 70, in query
    cost = litellm.cost_calculator.completion_cost(response)
  File "/gscratch/stf/rpande/lora-context-distillation/.venv/lib/python3.10/site-packages/litellm/cost_calculator.py", line 1163, in completion_cost
    raise e
  File "/gscratch/stf/rpande/lora-context-distillation/.venv/lib/python3.10/site-packages/litellm/cost_calculator.py", line 1156, in completion_cost
    raise e
  File "/gscratch/stf/rpande/lora-context-distillation/.venv/lib/python3.10/site-packages/litellm/cost_calculator.py", line 1095, in completion_cost
    ) = cost_per_token(
  File "/gscratch/stf/rpande/lora-context-distillation/.venv/lib/python3.10/site-packages/litellm/cost_calculator.py", line 407, in cost_per_token
    model_info = _cached_get_model_info_helper(
  File "/gscratch/stf/rpande/lora-context-distillation/.venv/lib/python3.10/site-packages/litellm/utils.py", line 4769, in _cached_get_model_info_helper
    return _get_model_info_helper(model=model, custom_llm_provider=custom_llm_provider)
  File "/gscratch/stf/rpande/lora-context-distillation/.venv/lib/python3.10/site-packages/litellm/utils.py", line 5081, in _get_model_info_helper
    raise Exception(
Exception: This model isn't mapped yet. model=hosted_vllm/Qwen/Qwen3-30B-A3B-Thinking-2507, custom_llm_provider=hosted_vllm. Add it here - https://github.com/BerriAI/litellm/blob/main/model_prices_and_context_window.json.
2026-01-04 23:37:22,836 - minisweagent - INFO - Saved trajectory to 'runs/qwen3-32101988/swe/django__django-12273/django__django-12273.traj.json'
2026-01-04 23:42:28,918 - minisweagent - ERROR - Error processing instance django__django-12276: This model isn't mapped yet. model=hosted_vllm/Qwen/Qwen3-30B-A3B-Thinking-2507, custom_llm_provider=hosted_vllm. Add it here - https://github.com/BerriAI/litellm/blob/main/model_prices_and_context_window.json.
Traceback (most recent call last):
  File "/gscratch/stf/rpande/lora-context-distillation/.venv/lib/python3.10/site-packages/litellm/utils.py", line 4917, in _get_model_info_helper
    raise ValueError(
ValueError: This model isn't mapped yet. Add it here - https://github.com/BerriAI/litellm/blob/main/model_prices_and_context_window.json

During handling of the above exception, another exception occurred:

Traceback (most recent call last):
  File "/gscratch/stf/rpande/lora-context-distillation/.venv/lib/python3.10/site-packages/minisweagent/run/extra/swebench.py", line 152, in process_instance
    exit_status, result = agent.run(task)
  File "/gscratch/stf/rpande/lora-context-distillation/.venv/lib/python3.10/site-packages/minisweagent/agents/default.py", line 81, in run
    self.step()
  File "/gscratch/stf/rpande/lora-context-distillation/.venv/lib/python3.10/site-packages/minisweagent/run/extra/swebench.py", line 66, in step
    return super().step()
  File "/gscratch/stf/rpande/lora-context-distillation/.venv/lib/python3.10/site-packages/minisweagent/agents/default.py", line 90, in step
    return self.get_observation(self.query())
  File "/gscratch/stf/rpande/lora-context-distillation/.venv/lib/python3.10/site-packages/minisweagent/agents/default.py", line 96, in query
    response = self.model.query(self.messages)
  File "/gscratch/stf/rpande/lora-context-distillation/.venv/lib/python3.10/site-packages/minisweagent/models/litellm_model.py", line 70, in query
    cost = litellm.cost_calculator.completion_cost(response)
  File "/gscratch/stf/rpande/lora-context-distillation/.venv/lib/python3.10/site-packages/litellm/cost_calculator.py", line 1163, in completion_cost
    raise e
  File "/gscratch/stf/rpande/lora-context-distillation/.venv/lib/python3.10/site-packages/litellm/cost_calculator.py", line 1156, in completion_cost
    raise e
  File "/gscratch/stf/rpande/lora-context-distillation/.venv/lib/python3.10/site-packages/litellm/cost_calculator.py", line 1095, in completion_cost
    ) = cost_per_token(
  File "/gscratch/stf/rpande/lora-context-distillation/.venv/lib/python3.10/site-packages/litellm/cost_calculator.py", line 407, in cost_per_token
    model_info = _cached_get_model_info_helper(
  File "/gscratch/stf/rpande/lora-context-distillation/.venv/lib/python3.10/site-packages/litellm/utils.py", line 4769, in _cached_get_model_info_helper
    return _get_model_info_helper(model=model, custom_llm_provider=custom_llm_provider)
  File "/gscratch/stf/rpande/lora-context-distillation/.venv/lib/python3.10/site-packages/litellm/utils.py", line 5081, in _get_model_info_helper
    raise Exception(
Exception: This model isn't mapped yet. model=hosted_vllm/Qwen/Qwen3-30B-A3B-Thinking-2507, custom_llm_provider=hosted_vllm. Add it here - https://github.com/BerriAI/litellm/blob/main/model_prices_and_context_window.json.
2026-01-04 23:42:28,931 - minisweagent - INFO - Saved trajectory to 'runs/qwen3-32101988/swe/django__django-12276/django__django-12276.traj.json'
2026-01-04 23:45:45,527 - minisweagent - ERROR - Error processing instance django__django-12304: This model isn't mapped yet. model=hosted_vllm/Qwen/Qwen3-30B-A3B-Thinking-2507, custom_llm_provider=hosted_vllm. Add it here - https://github.com/BerriAI/litellm/blob/main/model_prices_and_context_window.json.
Traceback (most recent call last):
  File "/gscratch/stf/rpande/lora-context-distillation/.venv/lib/python3.10/site-packages/litellm/utils.py", line 4917, in _get_model_info_helper
    raise ValueError(
ValueError: This model isn't mapped yet. Add it here - https://github.com/BerriAI/litellm/blob/main/model_prices_and_context_window.json

During handling of the above exception, another exception occurred:

Traceback (most recent call last):
  File "/gscratch/stf/rpande/lora-context-distillation/.venv/lib/python3.10/site-packages/minisweagent/run/extra/swebench.py", line 152, in process_instance
    exit_status, result = agent.run(task)
  File "/gscratch/stf/rpande/lora-context-distillation/.venv/lib/python3.10/site-packages/minisweagent/agents/default.py", line 81, in run
    self.step()
  File "/gscratch/stf/rpande/lora-context-distillation/.venv/lib/python3.10/site-packages/minisweagent/run/extra/swebench.py", line 66, in step
    return super().step()
  File "/gscratch/stf/rpande/lora-context-distillation/.venv/lib/python3.10/site-packages/minisweagent/agents/default.py", line 90, in step
    return self.get_observation(self.query())
  File "/gscratch/stf/rpande/lora-context-distillation/.venv/lib/python3.10/site-packages/minisweagent/agents/default.py", line 96, in query
    response = self.model.query(self.messages)
  File "/gscratch/stf/rpande/lora-context-distillation/.venv/lib/python3.10/site-packages/minisweagent/models/litellm_model.py", line 70, in query
    cost = litellm.cost_calculator.completion_cost(response)
  File "/gscratch/stf/rpande/lora-context-distillation/.venv/lib/python3.10/site-packages/litellm/cost_calculator.py", line 1163, in completion_cost
    raise e
  File "/gscratch/stf/rpande/lora-context-distillation/.venv/lib/python3.10/site-packages/litellm/cost_calculator.py", line 1156, in completion_cost
    raise e
  File "/gscratch/stf/rpande/lora-context-distillation/.venv/lib/python3.10/site-packages/litellm/cost_calculator.py", line 1095, in completion_cost
    ) = cost_per_token(
  File "/gscratch/stf/rpande/lora-context-distillation/.venv/lib/python3.10/site-packages/litellm/cost_calculator.py", line 407, in cost_per_token
    model_info = _cached_get_model_info_helper(
  File "/gscratch/stf/rpande/lora-context-distillation/.venv/lib/python3.10/site-packages/litellm/utils.py", line 4769, in _cached_get_model_info_helper
    return _get_model_info_helper(model=model, custom_llm_provider=custom_llm_provider)
  File "/gscratch/stf/rpande/lora-context-distillation/.venv/lib/python3.10/site-packages/litellm/utils.py", line 5081, in _get_model_info_helper
    raise Exception(
Exception: This model isn't mapped yet. model=hosted_vllm/Qwen/Qwen3-30B-A3B-Thinking-2507, custom_llm_provider=hosted_vllm. Add it here - https://github.com/BerriAI/litellm/blob/main/model_prices_and_context_window.json.
2026-01-04 23:45:45,541 - minisweagent - INFO - Saved trajectory to 'runs/qwen3-32101988/swe/django__django-12304/django__django-12304.traj.json'
2026-01-04 23:47:42,585 - minisweagent - ERROR - Error processing instance django__django-12308: This model isn't mapped yet. model=hosted_vllm/Qwen/Qwen3-30B-A3B-Thinking-2507, custom_llm_provider=hosted_vllm. Add it here - https://github.com/BerriAI/litellm/blob/main/model_prices_and_context_window.json.
Traceback (most recent call last):
  File "/gscratch/stf/rpande/lora-context-distillation/.venv/lib/python3.10/site-packages/litellm/utils.py", line 4917, in _get_model_info_helper
    raise ValueError(
ValueError: This model isn't mapped yet. Add it here - https://github.com/BerriAI/litellm/blob/main/model_prices_and_context_window.json

During handling of the above exception, another exception occurred:

Traceback (most recent call last):
  File "/gscratch/stf/rpande/lora-context-distillation/.venv/lib/python3.10/site-packages/minisweagent/run/extra/swebench.py", line 152, in process_instance
    exit_status, result = agent.run(task)
  File "/gscratch/stf/rpande/lora-context-distillation/.venv/lib/python3.10/site-packages/minisweagent/agents/default.py", line 81, in run
    self.step()
  File "/gscratch/stf/rpande/lora-context-distillation/.venv/lib/python3.10/site-packages/minisweagent/run/extra/swebench.py", line 66, in step
    return super().step()
  File "/gscratch/stf/rpande/lora-context-distillation/.venv/lib/python3.10/site-packages/minisweagent/agents/default.py", line 90, in step
    return self.get_observation(self.query())
  File "/gscratch/stf/rpande/lora-context-distillation/.venv/lib/python3.10/site-packages/minisweagent/agents/default.py", line 96, in query
    response = self.model.query(self.messages)
  File "/gscratch/stf/rpande/lora-context-distillation/.venv/lib/python3.10/site-packages/minisweagent/models/litellm_model.py", line 70, in query
    cost = litellm.cost_calculator.completion_cost(response)
  File "/gscratch/stf/rpande/lora-context-distillation/.venv/lib/python3.10/site-packages/litellm/cost_calculator.py", line 1163, in completion_cost
    raise e
  File "/gscratch/stf/rpande/lora-context-distillation/.venv/lib/python3.10/site-packages/litellm/cost_calculator.py", line 1156, in completion_cost
    raise e
  File "/gscratch/stf/rpande/lora-context-distillation/.venv/lib/python3.10/site-packages/litellm/cost_calculator.py", line 1095, in completion_cost
    ) = cost_per_token(
  File "/gscratch/stf/rpande/lora-context-distillation/.venv/lib/python3.10/site-packages/litellm/cost_calculator.py", line 407, in cost_per_token
    model_info = _cached_get_model_info_helper(
  File "/gscratch/stf/rpande/lora-context-distillation/.venv/lib/python3.10/site-packages/litellm/utils.py", line 4769, in _cached_get_model_info_helper
    return _get_model_info_helper(model=model, custom_llm_provider=custom_llm_provider)
  File "/gscratch/stf/rpande/lora-context-distillation/.venv/lib/python3.10/site-packages/litellm/utils.py", line 5081, in _get_model_info_helper
    raise Exception(
Exception: This model isn't mapped yet. model=hosted_vllm/Qwen/Qwen3-30B-A3B-Thinking-2507, custom_llm_provider=hosted_vllm. Add it here - https://github.com/BerriAI/litellm/blob/main/model_prices_and_context_window.json.
2026-01-04 23:47:42,596 - minisweagent - INFO - Saved trajectory to 'runs/qwen3-32101988/swe/django__django-12308/django__django-12308.traj.json'
2026-01-04 23:56:34,667 - minisweagent - ERROR - Error processing instance django__django-12325: This model isn't mapped yet. model=hosted_vllm/Qwen/Qwen3-30B-A3B-Thinking-2507, custom_llm_provider=hosted_vllm. Add it here - https://github.com/BerriAI/litellm/blob/main/model_prices_and_context_window.json.
Traceback (most recent call last):
  File "/gscratch/stf/rpande/lora-context-distillation/.venv/lib/python3.10/site-packages/litellm/utils.py", line 4917, in _get_model_info_helper
    raise ValueError(
ValueError: This model isn't mapped yet. Add it here - https://github.com/BerriAI/litellm/blob/main/model_prices_and_context_window.json

During handling of the above exception, another exception occurred:

Traceback (most recent call last):
  File "/gscratch/stf/rpande/lora-context-distillation/.venv/lib/python3.10/site-packages/minisweagent/run/extra/swebench.py", line 152, in process_instance
    exit_status, result = agent.run(task)
  File "/gscratch/stf/rpande/lora-context-distillation/.venv/lib/python3.10/site-packages/minisweagent/agents/default.py", line 81, in run
    self.step()
  File "/gscratch/stf/rpande/lora-context-distillation/.venv/lib/python3.10/site-packages/minisweagent/run/extra/swebench.py", line 66, in step
    return super().step()
  File "/gscratch/stf/rpande/lora-context-distillation/.venv/lib/python3.10/site-packages/minisweagent/agents/default.py", line 90, in step
    return self.get_observation(self.query())
  File "/gscratch/stf/rpande/lora-context-distillation/.venv/lib/python3.10/site-packages/minisweagent/agents/default.py", line 96, in query
    response = self.model.query(self.messages)
  File "/gscratch/stf/rpande/lora-context-distillation/.venv/lib/python3.10/site-packages/minisweagent/models/litellm_model.py", line 70, in query
    cost = litellm.cost_calculator.completion_cost(response)
  File "/gscratch/stf/rpande/lora-context-distillation/.venv/lib/python3.10/site-packages/litellm/cost_calculator.py", line 1163, in completion_cost
    raise e
  File "/gscratch/stf/rpande/lora-context-distillation/.venv/lib/python3.10/site-packages/litellm/cost_calculator.py", line 1156, in completion_cost
    raise e
  File "/gscratch/stf/rpande/lora-context-distillation/.venv/lib/python3.10/site-packages/litellm/cost_calculator.py", line 1095, in completion_cost
    ) = cost_per_token(
  File "/gscratch/stf/rpande/lora-context-distillation/.venv/lib/python3.10/site-packages/litellm/cost_calculator.py", line 407, in cost_per_token
    model_info = _cached_get_model_info_helper(
  File "/gscratch/stf/rpande/lora-context-distillation/.venv/lib/python3.10/site-packages/litellm/utils.py", line 4769, in _cached_get_model_info_helper
    return _get_model_info_helper(model=model, custom_llm_provider=custom_llm_provider)
  File "/gscratch/stf/rpande/lora-context-distillation/.venv/lib/python3.10/site-packages/litellm/utils.py", line 5081, in _get_model_info_helper
    raise Exception(
Exception: This model isn't mapped yet. model=hosted_vllm/Qwen/Qwen3-30B-A3B-Thinking-2507, custom_llm_provider=hosted_vllm. Add it here - https://github.com/BerriAI/litellm/blob/main/model_prices_and_context_window.json.
2026-01-04 23:56:34,683 - minisweagent - INFO - Saved trajectory to 'runs/qwen3-32101988/swe/django__django-12325/django__django-12325.traj.json'
2026-01-05 00:03:29,253 - minisweagent - ERROR - Error processing instance django__django-12406: This model isn't mapped yet. model=hosted_vllm/Qwen/Qwen3-30B-A3B-Thinking-2507, custom_llm_provider=hosted_vllm. Add it here - https://github.com/BerriAI/litellm/blob/main/model_prices_and_context_window.json.
Traceback (most recent call last):
  File "/gscratch/stf/rpande/lora-context-distillation/.venv/lib/python3.10/site-packages/litellm/utils.py", line 4917, in _get_model_info_helper
    raise ValueError(
ValueError: This model isn't mapped yet. Add it here - https://github.com/BerriAI/litellm/blob/main/model_prices_and_context_window.json

During handling of the above exception, another exception occurred:

Traceback (most recent call last):
  File "/gscratch/stf/rpande/lora-context-distillation/.venv/lib/python3.10/site-packages/minisweagent/run/extra/swebench.py", line 152, in process_instance
    exit_status, result = agent.run(task)
  File "/gscratch/stf/rpande/lora-context-distillation/.venv/lib/python3.10/site-packages/minisweagent/agents/default.py", line 81, in run
    self.step()
  File "/gscratch/stf/rpande/lora-context-distillation/.venv/lib/python3.10/site-packages/minisweagent/run/extra/swebench.py", line 66, in step
    return super().step()
  File "/gscratch/stf/rpande/lora-context-distillation/.venv/lib/python3.10/site-packages/minisweagent/agents/default.py", line 90, in step
    return self.get_observation(self.query())
  File "/gscratch/stf/rpande/lora-context-distillation/.venv/lib/python3.10/site-packages/minisweagent/agents/default.py", line 96, in query
    response = self.model.query(self.messages)
  File "/gscratch/stf/rpande/lora-context-distillation/.venv/lib/python3.10/site-packages/minisweagent/models/litellm_model.py", line 70, in query
    cost = litellm.cost_calculator.completion_cost(response)
  File "/gscratch/stf/rpande/lora-context-distillation/.venv/lib/python3.10/site-packages/litellm/cost_calculator.py", line 1163, in completion_cost
    raise e
  File "/gscratch/stf/rpande/lora-context-distillation/.venv/lib/python3.10/site-packages/litellm/cost_calculator.py", line 1156, in completion_cost
    raise e
  File "/gscratch/stf/rpande/lora-context-distillation/.venv/lib/python3.10/site-packages/litellm/cost_calculator.py", line 1095, in completion_cost
    ) = cost_per_token(
  File "/gscratch/stf/rpande/lora-context-distillation/.venv/lib/python3.10/site-packages/litellm/cost_calculator.py", line 407, in cost_per_token
    model_info = _cached_get_model_info_helper(
  File "/gscratch/stf/rpande/lora-context-distillation/.venv/lib/python3.10/site-packages/litellm/utils.py", line 4769, in _cached_get_model_info_helper
    return _get_model_info_helper(model=model, custom_llm_provider=custom_llm_provider)
  File "/gscratch/stf/rpande/lora-context-distillation/.venv/lib/python3.10/site-packages/litellm/utils.py", line 5081, in _get_model_info_helper
    raise Exception(
Exception: This model isn't mapped yet. model=hosted_vllm/Qwen/Qwen3-30B-A3B-Thinking-2507, custom_llm_provider=hosted_vllm. Add it here - https://github.com/BerriAI/litellm/blob/main/model_prices_and_context_window.json.
2026-01-05 00:03:29,267 - minisweagent - INFO - Saved trajectory to 'runs/qwen3-32101988/swe/django__django-12406/django__django-12406.traj.json'
2026-01-05 00:05:59,193 - minisweagent - ERROR - Error processing instance django__django-12708: This model isn't mapped yet. model=hosted_vllm/Qwen/Qwen3-30B-A3B-Thinking-2507, custom_llm_provider=hosted_vllm. Add it here - https://github.com/BerriAI/litellm/blob/main/model_prices_and_context_window.json.
Traceback (most recent call last):
  File "/gscratch/stf/rpande/lora-context-distillation/.venv/lib/python3.10/site-packages/litellm/utils.py", line 4917, in _get_model_info_helper
    raise ValueError(
ValueError: This model isn't mapped yet. Add it here - https://github.com/BerriAI/litellm/blob/main/model_prices_and_context_window.json

During handling of the above exception, another exception occurred:

Traceback (most recent call last):
  File "/gscratch/stf/rpande/lora-context-distillation/.venv/lib/python3.10/site-packages/minisweagent/run/extra/swebench.py", line 152, in process_instance
    exit_status, result = agent.run(task)
  File "/gscratch/stf/rpande/lora-context-distillation/.venv/lib/python3.10/site-packages/minisweagent/agents/default.py", line 81, in run
    self.step()
  File "/gscratch/stf/rpande/lora-context-distillation/.venv/lib/python3.10/site-packages/minisweagent/run/extra/swebench.py", line 66, in step
    return super().step()
  File "/gscratch/stf/rpande/lora-context-distillation/.venv/lib/python3.10/site-packages/minisweagent/agents/default.py", line 90, in step
    return self.get_observation(self.query())
  File "/gscratch/stf/rpande/lora-context-distillation/.venv/lib/python3.10/site-packages/minisweagent/agents/default.py", line 96, in query
    response = self.model.query(self.messages)
  File "/gscratch/stf/rpande/lora-context-distillation/.venv/lib/python3.10/site-packages/minisweagent/models/litellm_model.py", line 70, in query
    cost = litellm.cost_calculator.completion_cost(response)
  File "/gscratch/stf/rpande/lora-context-distillation/.venv/lib/python3.10/site-packages/litellm/cost_calculator.py", line 1163, in completion_cost
    raise e
  File "/gscratch/stf/rpande/lora-context-distillation/.venv/lib/python3.10/site-packages/litellm/cost_calculator.py", line 1156, in completion_cost
    raise e
  File "/gscratch/stf/rpande/lora-context-distillation/.venv/lib/python3.10/site-packages/litellm/cost_calculator.py", line 1095, in completion_cost
    ) = cost_per_token(
  File "/gscratch/stf/rpande/lora-context-distillation/.venv/lib/python3.10/site-packages/litellm/cost_calculator.py", line 407, in cost_per_token
    model_info = _cached_get_model_info_helper(
  File "/gscratch/stf/rpande/lora-context-distillation/.venv/lib/python3.10/site-packages/litellm/utils.py", line 4769, in _cached_get_model_info_helper
    return _get_model_info_helper(model=model, custom_llm_provider=custom_llm_provider)
  File "/gscratch/stf/rpande/lora-context-distillation/.venv/lib/python3.10/site-packages/litellm/utils.py", line 5081, in _get_model_info_helper
    raise Exception(
Exception: This model isn't mapped yet. model=hosted_vllm/Qwen/Qwen3-30B-A3B-Thinking-2507, custom_llm_provider=hosted_vllm. Add it here - https://github.com/BerriAI/litellm/blob/main/model_prices_and_context_window.json.
2026-01-05 00:05:59,204 - minisweagent - INFO - Saved trajectory to 'runs/qwen3-32101988/swe/django__django-12708/django__django-12708.traj.json'
2026-01-05 00:10:23,248 - minisweagent - ERROR - Error processing instance django__django-12713: This model isn't mapped yet. model=hosted_vllm/Qwen/Qwen3-30B-A3B-Thinking-2507, custom_llm_provider=hosted_vllm. Add it here - https://github.com/BerriAI/litellm/blob/main/model_prices_and_context_window.json.
Traceback (most recent call last):
  File "/gscratch/stf/rpande/lora-context-distillation/.venv/lib/python3.10/site-packages/litellm/utils.py", line 4917, in _get_model_info_helper
    raise ValueError(
ValueError: This model isn't mapped yet. Add it here - https://github.com/BerriAI/litellm/blob/main/model_prices_and_context_window.json

During handling of the above exception, another exception occurred:

Traceback (most recent call last):
  File "/gscratch/stf/rpande/lora-context-distillation/.venv/lib/python3.10/site-packages/minisweagent/run/extra/swebench.py", line 152, in process_instance
    exit_status, result = agent.run(task)
  File "/gscratch/stf/rpande/lora-context-distillation/.venv/lib/python3.10/site-packages/minisweagent/agents/default.py", line 81, in run
    self.step()
  File "/gscratch/stf/rpande/lora-context-distillation/.venv/lib/python3.10/site-packages/minisweagent/run/extra/swebench.py", line 66, in step
    return super().step()
  File "/gscratch/stf/rpande/lora-context-distillation/.venv/lib/python3.10/site-packages/minisweagent/agents/default.py", line 90, in step
    return self.get_observation(self.query())
  File "/gscratch/stf/rpande/lora-context-distillation/.venv/lib/python3.10/site-packages/minisweagent/agents/default.py", line 96, in query
    response = self.model.query(self.messages)
  File "/gscratch/stf/rpande/lora-context-distillation/.venv/lib/python3.10/site-packages/minisweagent/models/litellm_model.py", line 70, in query
    cost = litellm.cost_calculator.completion_cost(response)
  File "/gscratch/stf/rpande/lora-context-distillation/.venv/lib/python3.10/site-packages/litellm/cost_calculator.py", line 1163, in completion_cost
    raise e
  File "/gscratch/stf/rpande/lora-context-distillation/.venv/lib/python3.10/site-packages/litellm/cost_calculator.py", line 1156, in completion_cost
    raise e
  File "/gscratch/stf/rpande/lora-context-distillation/.venv/lib/python3.10/site-packages/litellm/cost_calculator.py", line 1095, in completion_cost
    ) = cost_per_token(
  File "/gscratch/stf/rpande/lora-context-distillation/.venv/lib/python3.10/site-packages/litellm/cost_calculator.py", line 407, in cost_per_token
    model_info = _cached_get_model_info_helper(
  File "/gscratch/stf/rpande/lora-context-distillation/.venv/lib/python3.10/site-packages/litellm/utils.py", line 4769, in _cached_get_model_info_helper
    return _get_model_info_helper(model=model, custom_llm_provider=custom_llm_provider)
  File "/gscratch/stf/rpande/lora-context-distillation/.venv/lib/python3.10/site-packages/litellm/utils.py", line 5081, in _get_model_info_helper
    raise Exception(
Exception: This model isn't mapped yet. model=hosted_vllm/Qwen/Qwen3-30B-A3B-Thinking-2507, custom_llm_provider=hosted_vllm. Add it here - https://github.com/BerriAI/litellm/blob/main/model_prices_and_context_window.json.
2026-01-05 00:10:23,262 - minisweagent - INFO - Saved trajectory to 'runs/qwen3-32101988/swe/django__django-12713/django__django-12713.traj.json'
2026-01-05 00:13:47,674 - minisweagent - ERROR - Error processing instance django__django-12774: This model isn't mapped yet. model=hosted_vllm/Qwen/Qwen3-30B-A3B-Thinking-2507, custom_llm_provider=hosted_vllm. Add it here - https://github.com/BerriAI/litellm/blob/main/model_prices_and_context_window.json.
Traceback (most recent call last):
  File "/gscratch/stf/rpande/lora-context-distillation/.venv/lib/python3.10/site-packages/litellm/utils.py", line 4917, in _get_model_info_helper
    raise ValueError(
ValueError: This model isn't mapped yet. Add it here - https://github.com/BerriAI/litellm/blob/main/model_prices_and_context_window.json

During handling of the above exception, another exception occurred:

Traceback (most recent call last):
  File "/gscratch/stf/rpande/lora-context-distillation/.venv/lib/python3.10/site-packages/minisweagent/run/extra/swebench.py", line 152, in process_instance
    exit_status, result = agent.run(task)
  File "/gscratch/stf/rpande/lora-context-distillation/.venv/lib/python3.10/site-packages/minisweagent/agents/default.py", line 81, in run
    self.step()
  File "/gscratch/stf/rpande/lora-context-distillation/.venv/lib/python3.10/site-packages/minisweagent/run/extra/swebench.py", line 66, in step
    return super().step()
  File "/gscratch/stf/rpande/lora-context-distillation/.venv/lib/python3.10/site-packages/minisweagent/agents/default.py", line 90, in step
    return self.get_observation(self.query())
  File "/gscratch/stf/rpande/lora-context-distillation/.venv/lib/python3.10/site-packages/minisweagent/agents/default.py", line 96, in query
    response = self.model.query(self.messages)
  File "/gscratch/stf/rpande/lora-context-distillation/.venv/lib/python3.10/site-packages/minisweagent/models/litellm_model.py", line 70, in query
    cost = litellm.cost_calculator.completion_cost(response)
  File "/gscratch/stf/rpande/lora-context-distillation/.venv/lib/python3.10/site-packages/litellm/cost_calculator.py", line 1163, in completion_cost
    raise e
  File "/gscratch/stf/rpande/lora-context-distillation/.venv/lib/python3.10/site-packages/litellm/cost_calculator.py", line 1156, in completion_cost
    raise e
  File "/gscratch/stf/rpande/lora-context-distillation/.venv/lib/python3.10/site-packages/litellm/cost_calculator.py", line 1095, in completion_cost
    ) = cost_per_token(
  File "/gscratch/stf/rpande/lora-context-distillation/.venv/lib/python3.10/site-packages/litellm/cost_calculator.py", line 407, in cost_per_token
    model_info = _cached_get_model_info_helper(
  File "/gscratch/stf/rpande/lora-context-distillation/.venv/lib/python3.10/site-packages/litellm/utils.py", line 4769, in _cached_get_model_info_helper
    return _get_model_info_helper(model=model, custom_llm_provider=custom_llm_provider)
  File "/gscratch/stf/rpande/lora-context-distillation/.venv/lib/python3.10/site-packages/litellm/utils.py", line 5081, in _get_model_info_helper
    raise Exception(
Exception: This model isn't mapped yet. model=hosted_vllm/Qwen/Qwen3-30B-A3B-Thinking-2507, custom_llm_provider=hosted_vllm. Add it here - https://github.com/BerriAI/litellm/blob/main/model_prices_and_context_window.json.
2026-01-05 00:13:47,687 - minisweagent - INFO - Saved trajectory to 'runs/qwen3-32101988/swe/django__django-12774/django__django-12774.traj.json'
2026-01-05 00:16:16,932 - minisweagent - ERROR - Error processing instance django__django-9296: This model isn't mapped yet. model=hosted_vllm/Qwen/Qwen3-30B-A3B-Thinking-2507, custom_llm_provider=hosted_vllm. Add it here - https://github.com/BerriAI/litellm/blob/main/model_prices_and_context_window.json.
Traceback (most recent call last):
  File "/gscratch/stf/rpande/lora-context-distillation/.venv/lib/python3.10/site-packages/litellm/utils.py", line 4917, in _get_model_info_helper
    raise ValueError(
ValueError: This model isn't mapped yet. Add it here - https://github.com/BerriAI/litellm/blob/main/model_prices_and_context_window.json

During handling of the above exception, another exception occurred:

Traceback (most recent call last):
  File "/gscratch/stf/rpande/lora-context-distillation/.venv/lib/python3.10/site-packages/minisweagent/run/extra/swebench.py", line 152, in process_instance
    exit_status, result = agent.run(task)
  File "/gscratch/stf/rpande/lora-context-distillation/.venv/lib/python3.10/site-packages/minisweagent/agents/default.py", line 81, in run
    self.step()
  File "/gscratch/stf/rpande/lora-context-distillation/.venv/lib/python3.10/site-packages/minisweagent/run/extra/swebench.py", line 66, in step
    return super().step()
  File "/gscratch/stf/rpande/lora-context-distillation/.venv/lib/python3.10/site-packages/minisweagent/agents/default.py", line 90, in step
    return self.get_observation(self.query())
  File "/gscratch/stf/rpande/lora-context-distillation/.venv/lib/python3.10/site-packages/minisweagent/agents/default.py", line 96, in query
    response = self.model.query(self.messages)
  File "/gscratch/stf/rpande/lora-context-distillation/.venv/lib/python3.10/site-packages/minisweagent/models/litellm_model.py", line 70, in query
    cost = litellm.cost_calculator.completion_cost(response)
  File "/gscratch/stf/rpande/lora-context-distillation/.venv/lib/python3.10/site-packages/litellm/cost_calculator.py", line 1163, in completion_cost
    raise e
  File "/gscratch/stf/rpande/lora-context-distillation/.venv/lib/python3.10/site-packages/litellm/cost_calculator.py", line 1156, in completion_cost
    raise e
  File "/gscratch/stf/rpande/lora-context-distillation/.venv/lib/python3.10/site-packages/litellm/cost_calculator.py", line 1095, in completion_cost
    ) = cost_per_token(
  File "/gscratch/stf/rpande/lora-context-distillation/.venv/lib/python3.10/site-packages/litellm/cost_calculator.py", line 407, in cost_per_token
    model_info = _cached_get_model_info_helper(
  File "/gscratch/stf/rpande/lora-context-distillation/.venv/lib/python3.10/site-packages/litellm/utils.py", line 4769, in _cached_get_model_info_helper
    return _get_model_info_helper(model=model, custom_llm_provider=custom_llm_provider)
  File "/gscratch/stf/rpande/lora-context-distillation/.venv/lib/python3.10/site-packages/litellm/utils.py", line 5081, in _get_model_info_helper
    raise Exception(
Exception: This model isn't mapped yet. model=hosted_vllm/Qwen/Qwen3-30B-A3B-Thinking-2507, custom_llm_provider=hosted_vllm. Add it here - https://github.com/BerriAI/litellm/blob/main/model_prices_and_context_window.json.
2026-01-05 00:16:16,943 - minisweagent - INFO - Saved trajectory to 'runs/qwen3-32101988/swe/django__django-9296/django__django-9296.traj.json'
2026-01-05 00:26:24,029 - minisweagent - ERROR - Error processing instance sphinx-doc__sphinx-10323: This model isn't mapped yet. model=hosted_vllm/Qwen/Qwen3-30B-A3B-Thinking-2507, custom_llm_provider=hosted_vllm. Add it here - https://github.com/BerriAI/litellm/blob/main/model_prices_and_context_window.json.
Traceback (most recent call last):
  File "/gscratch/stf/rpande/lora-context-distillation/.venv/lib/python3.10/site-packages/litellm/utils.py", line 4917, in _get_model_info_helper
    raise ValueError(
ValueError: This model isn't mapped yet. Add it here - https://github.com/BerriAI/litellm/blob/main/model_prices_and_context_window.json

During handling of the above exception, another exception occurred:

Traceback (most recent call last):
  File "/gscratch/stf/rpande/lora-context-distillation/.venv/lib/python3.10/site-packages/minisweagent/run/extra/swebench.py", line 152, in process_instance
    exit_status, result = agent.run(task)
  File "/gscratch/stf/rpande/lora-context-distillation/.venv/lib/python3.10/site-packages/minisweagent/agents/default.py", line 81, in run
    self.step()
  File "/gscratch/stf/rpande/lora-context-distillation/.venv/lib/python3.10/site-packages/minisweagent/run/extra/swebench.py", line 66, in step
    return super().step()
  File "/gscratch/stf/rpande/lora-context-distillation/.venv/lib/python3.10/site-packages/minisweagent/agents/default.py", line 90, in step
    return self.get_observation(self.query())
  File "/gscratch/stf/rpande/lora-context-distillation/.venv/lib/python3.10/site-packages/minisweagent/agents/default.py", line 96, in query
    response = self.model.query(self.messages)
  File "/gscratch/stf/rpande/lora-context-distillation/.venv/lib/python3.10/site-packages/minisweagent/models/litellm_model.py", line 70, in query
    cost = litellm.cost_calculator.completion_cost(response)
  File "/gscratch/stf/rpande/lora-context-distillation/.venv/lib/python3.10/site-packages/litellm/cost_calculator.py", line 1163, in completion_cost
    raise e
  File "/gscratch/stf/rpande/lora-context-distillation/.venv/lib/python3.10/site-packages/litellm/cost_calculator.py", line 1156, in completion_cost
    raise e
  File "/gscratch/stf/rpande/lora-context-distillation/.venv/lib/python3.10/site-packages/litellm/cost_calculator.py", line 1095, in completion_cost
    ) = cost_per_token(
  File "/gscratch/stf/rpande/lora-context-distillation/.venv/lib/python3.10/site-packages/litellm/cost_calculator.py", line 407, in cost_per_token
    model_info = _cached_get_model_info_helper(
  File "/gscratch/stf/rpande/lora-context-distillation/.venv/lib/python3.10/site-packages/litellm/utils.py", line 4769, in _cached_get_model_info_helper
    return _get_model_info_helper(model=model, custom_llm_provider=custom_llm_provider)
  File "/gscratch/stf/rpande/lora-context-distillation/.venv/lib/python3.10/site-packages/litellm/utils.py", line 5081, in _get_model_info_helper
    raise Exception(
Exception: This model isn't mapped yet. model=hosted_vllm/Qwen/Qwen3-30B-A3B-Thinking-2507, custom_llm_provider=hosted_vllm. Add it here - https://github.com/BerriAI/litellm/blob/main/model_prices_and_context_window.json.
2026-01-05 00:26:24,067 - minisweagent - INFO - Saved trajectory to 'runs/qwen3-32101988/swe/sphinx-doc__sphinx-10323/sphinx-doc__sphinx-10323.traj.json'
2026-01-05 00:30:04,186 - minisweagent - ERROR - Error processing instance sphinx-doc__sphinx-10435: This model isn't mapped yet. model=hosted_vllm/Qwen/Qwen3-30B-A3B-Thinking-2507, custom_llm_provider=hosted_vllm. Add it here - https://github.com/BerriAI/litellm/blob/main/model_prices_and_context_window.json.
Traceback (most recent call last):
  File "/gscratch/stf/rpande/lora-context-distillation/.venv/lib/python3.10/site-packages/litellm/utils.py", line 4917, in _get_model_info_helper
    raise ValueError(
ValueError: This model isn't mapped yet. Add it here - https://github.com/BerriAI/litellm/blob/main/model_prices_and_context_window.json

During handling of the above exception, another exception occurred:

Traceback (most recent call last):
  File "/gscratch/stf/rpande/lora-context-distillation/.venv/lib/python3.10/site-packages/minisweagent/run/extra/swebench.py", line 152, in process_instance
    exit_status, result = agent.run(task)
  File "/gscratch/stf/rpande/lora-context-distillation/.venv/lib/python3.10/site-packages/minisweagent/agents/default.py", line 81, in run
    self.step()
  File "/gscratch/stf/rpande/lora-context-distillation/.venv/lib/python3.10/site-packages/minisweagent/run/extra/swebench.py", line 66, in step
    return super().step()
  File "/gscratch/stf/rpande/lora-context-distillation/.venv/lib/python3.10/site-packages/minisweagent/agents/default.py", line 90, in step
    return self.get_observation(self.query())
  File "/gscratch/stf/rpande/lora-context-distillation/.venv/lib/python3.10/site-packages/minisweagent/agents/default.py", line 96, in query
    response = self.model.query(self.messages)
  File "/gscratch/stf/rpande/lora-context-distillation/.venv/lib/python3.10/site-packages/minisweagent/models/litellm_model.py", line 70, in query
    cost = litellm.cost_calculator.completion_cost(response)
  File "/gscratch/stf/rpande/lora-context-distillation/.venv/lib/python3.10/site-packages/litellm/cost_calculator.py", line 1163, in completion_cost
    raise e
  File "/gscratch/stf/rpande/lora-context-distillation/.venv/lib/python3.10/site-packages/litellm/cost_calculator.py", line 1156, in completion_cost
    raise e
  File "/gscratch/stf/rpande/lora-context-distillation/.venv/lib/python3.10/site-packages/litellm/cost_calculator.py", line 1095, in completion_cost
    ) = cost_per_token(
  File "/gscratch/stf/rpande/lora-context-distillation/.venv/lib/python3.10/site-packages/litellm/cost_calculator.py", line 407, in cost_per_token
    model_info = _cached_get_model_info_helper(
  File "/gscratch/stf/rpande/lora-context-distillation/.venv/lib/python3.10/site-packages/litellm/utils.py", line 4769, in _cached_get_model_info_helper
    return _get_model_info_helper(model=model, custom_llm_provider=custom_llm_provider)
  File "/gscratch/stf/rpande/lora-context-distillation/.venv/lib/python3.10/site-packages/litellm/utils.py", line 5081, in _get_model_info_helper
    raise Exception(
Exception: This model isn't mapped yet. model=hosted_vllm/Qwen/Qwen3-30B-A3B-Thinking-2507, custom_llm_provider=hosted_vllm. Add it here - https://github.com/BerriAI/litellm/blob/main/model_prices_and_context_window.json.
2026-01-05 00:30:04,210 - minisweagent - INFO - Saved trajectory to 'runs/qwen3-32101988/swe/sphinx-doc__sphinx-10435/sphinx-doc__sphinx-10435.traj.json'
2026-01-05 00:33:43,056 - minisweagent - ERROR - Error processing instance sphinx-doc__sphinx-10466: This model isn't mapped yet. model=hosted_vllm/Qwen/Qwen3-30B-A3B-Thinking-2507, custom_llm_provider=hosted_vllm. Add it here - https://github.com/BerriAI/litellm/blob/main/model_prices_and_context_window.json.
Traceback (most recent call last):
  File "/gscratch/stf/rpande/lora-context-distillation/.venv/lib/python3.10/site-packages/litellm/utils.py", line 4917, in _get_model_info_helper
    raise ValueError(
ValueError: This model isn't mapped yet. Add it here - https://github.com/BerriAI/litellm/blob/main/model_prices_and_context_window.json

During handling of the above exception, another exception occurred:

Traceback (most recent call last):
  File "/gscratch/stf/rpande/lora-context-distillation/.venv/lib/python3.10/site-packages/minisweagent/run/extra/swebench.py", line 152, in process_instance
    exit_status, result = agent.run(task)
  File "/gscratch/stf/rpande/lora-context-distillation/.venv/lib/python3.10/site-packages/minisweagent/agents/default.py", line 81, in run
    self.step()
  File "/gscratch/stf/rpande/lora-context-distillation/.venv/lib/python3.10/site-packages/minisweagent/run/extra/swebench.py", line 66, in step
    return super().step()
  File "/gscratch/stf/rpande/lora-context-distillation/.venv/lib/python3.10/site-packages/minisweagent/agents/default.py", line 90, in step
    return self.get_observation(self.query())
  File "/gscratch/stf/rpande/lora-context-distillation/.venv/lib/python3.10/site-packages/minisweagent/agents/default.py", line 96, in query
    response = self.model.query(self.messages)
  File "/gscratch/stf/rpande/lora-context-distillation/.venv/lib/python3.10/site-packages/minisweagent/models/litellm_model.py", line 70, in query
    cost = litellm.cost_calculator.completion_cost(response)
  File "/gscratch/stf/rpande/lora-context-distillation/.venv/lib/python3.10/site-packages/litellm/cost_calculator.py", line 1163, in completion_cost
    raise e
  File "/gscratch/stf/rpande/lora-context-distillation/.venv/lib/python3.10/site-packages/litellm/cost_calculator.py", line 1156, in completion_cost
    raise e
  File "/gscratch/stf/rpande/lora-context-distillation/.venv/lib/python3.10/site-packages/litellm/cost_calculator.py", line 1095, in completion_cost
    ) = cost_per_token(
  File "/gscratch/stf/rpande/lora-context-distillation/.venv/lib/python3.10/site-packages/litellm/cost_calculator.py", line 407, in cost_per_token
    model_info = _cached_get_model_info_helper(
  File "/gscratch/stf/rpande/lora-context-distillation/.venv/lib/python3.10/site-packages/litellm/utils.py", line 4769, in _cached_get_model_info_helper
    return _get_model_info_helper(model=model, custom_llm_provider=custom_llm_provider)
  File "/gscratch/stf/rpande/lora-context-distillation/.venv/lib/python3.10/site-packages/litellm/utils.py", line 5081, in _get_model_info_helper
    raise Exception(
Exception: This model isn't mapped yet. model=hosted_vllm/Qwen/Qwen3-30B-A3B-Thinking-2507, custom_llm_provider=hosted_vllm. Add it here - https://github.com/BerriAI/litellm/blob/main/model_prices_and_context_window.json.
2026-01-05 00:33:43,098 - minisweagent - INFO - Saved trajectory to 'runs/qwen3-32101988/swe/sphinx-doc__sphinx-10466/sphinx-doc__sphinx-10466.traj.json'
2026-01-05 00:37:13,666 - minisweagent - ERROR - Error processing instance sphinx-doc__sphinx-10673: This model isn't mapped yet. model=hosted_vllm/Qwen/Qwen3-30B-A3B-Thinking-2507, custom_llm_provider=hosted_vllm. Add it here - https://github.com/BerriAI/litellm/blob/main/model_prices_and_context_window.json.
Traceback (most recent call last):
  File "/gscratch/stf/rpande/lora-context-distillation/.venv/lib/python3.10/site-packages/litellm/utils.py", line 4917, in _get_model_info_helper
    raise ValueError(
ValueError: This model isn't mapped yet. Add it here - https://github.com/BerriAI/litellm/blob/main/model_prices_and_context_window.json

During handling of the above exception, another exception occurred:

Traceback (most recent call last):
  File "/gscratch/stf/rpande/lora-context-distillation/.venv/lib/python3.10/site-packages/minisweagent/run/extra/swebench.py", line 152, in process_instance
    exit_status, result = agent.run(task)
  File "/gscratch/stf/rpande/lora-context-distillation/.venv/lib/python3.10/site-packages/minisweagent/agents/default.py", line 81, in run
    self.step()
  File "/gscratch/stf/rpande/lora-context-distillation/.venv/lib/python3.10/site-packages/minisweagent/run/extra/swebench.py", line 66, in step
    return super().step()
  File "/gscratch/stf/rpande/lora-context-distillation/.venv/lib/python3.10/site-packages/minisweagent/agents/default.py", line 90, in step
    return self.get_observation(self.query())
  File "/gscratch/stf/rpande/lora-context-distillation/.venv/lib/python3.10/site-packages/minisweagent/agents/default.py", line 96, in query
    response = self.model.query(self.messages)
  File "/gscratch/stf/rpande/lora-context-distillation/.venv/lib/python3.10/site-packages/minisweagent/models/litellm_model.py", line 70, in query
    cost = litellm.cost_calculator.completion_cost(response)
  File "/gscratch/stf/rpande/lora-context-distillation/.venv/lib/python3.10/site-packages/litellm/cost_calculator.py", line 1163, in completion_cost
    raise e
  File "/gscratch/stf/rpande/lora-context-distillation/.venv/lib/python3.10/site-packages/litellm/cost_calculator.py", line 1156, in completion_cost
    raise e
  File "/gscratch/stf/rpande/lora-context-distillation/.venv/lib/python3.10/site-packages/litellm/cost_calculator.py", line 1095, in completion_cost
    ) = cost_per_token(
  File "/gscratch/stf/rpande/lora-context-distillation/.venv/lib/python3.10/site-packages/litellm/cost_calculator.py", line 407, in cost_per_token
    model_info = _cached_get_model_info_helper(
  File "/gscratch/stf/rpande/lora-context-distillation/.venv/lib/python3.10/site-packages/litellm/utils.py", line 4769, in _cached_get_model_info_helper
    return _get_model_info_helper(model=model, custom_llm_provider=custom_llm_provider)
  File "/gscratch/stf/rpande/lora-context-distillation/.venv/lib/python3.10/site-packages/litellm/utils.py", line 5081, in _get_model_info_helper
    raise Exception(
Exception: This model isn't mapped yet. model=hosted_vllm/Qwen/Qwen3-30B-A3B-Thinking-2507, custom_llm_provider=hosted_vllm. Add it here - https://github.com/BerriAI/litellm/blob/main/model_prices_and_context_window.json.
2026-01-05 00:37:13,717 - minisweagent - INFO - Saved trajectory to 'runs/qwen3-32101988/swe/sphinx-doc__sphinx-10673/sphinx-doc__sphinx-10673.traj.json'
2026-01-05 00:45:04,369 - minisweagent - ERROR - Error processing instance sphinx-doc__sphinx-11510: This model isn't mapped yet. model=hosted_vllm/Qwen/Qwen3-30B-A3B-Thinking-2507, custom_llm_provider=hosted_vllm. Add it here - https://github.com/BerriAI/litellm/blob/main/model_prices_and_context_window.json.
Traceback (most recent call last):
  File "/gscratch/stf/rpande/lora-context-distillation/.venv/lib/python3.10/site-packages/litellm/utils.py", line 4917, in _get_model_info_helper
    raise ValueError(
ValueError: This model isn't mapped yet. Add it here - https://github.com/BerriAI/litellm/blob/main/model_prices_and_context_window.json

During handling of the above exception, another exception occurred:

Traceback (most recent call last):
  File "/gscratch/stf/rpande/lora-context-distillation/.venv/lib/python3.10/site-packages/minisweagent/run/extra/swebench.py", line 152, in process_instance
    exit_status, result = agent.run(task)
  File "/gscratch/stf/rpande/lora-context-distillation/.venv/lib/python3.10/site-packages/minisweagent/agents/default.py", line 81, in run
    self.step()
  File "/gscratch/stf/rpande/lora-context-distillation/.venv/lib/python3.10/site-packages/minisweagent/run/extra/swebench.py", line 66, in step
    return super().step()
  File "/gscratch/stf/rpande/lora-context-distillation/.venv/lib/python3.10/site-packages/minisweagent/agents/default.py", line 90, in step
    return self.get_observation(self.query())
  File "/gscratch/stf/rpande/lora-context-distillation/.venv/lib/python3.10/site-packages/minisweagent/agents/default.py", line 96, in query
    response = self.model.query(self.messages)
  File "/gscratch/stf/rpande/lora-context-distillation/.venv/lib/python3.10/site-packages/minisweagent/models/litellm_model.py", line 70, in query
    cost = litellm.cost_calculator.completion_cost(response)
  File "/gscratch/stf/rpande/lora-context-distillation/.venv/lib/python3.10/site-packages/litellm/cost_calculator.py", line 1163, in completion_cost
    raise e
  File "/gscratch/stf/rpande/lora-context-distillation/.venv/lib/python3.10/site-packages/litellm/cost_calculator.py", line 1156, in completion_cost
    raise e
  File "/gscratch/stf/rpande/lora-context-distillation/.venv/lib/python3.10/site-packages/litellm/cost_calculator.py", line 1095, in completion_cost
    ) = cost_per_token(
  File "/gscratch/stf/rpande/lora-context-distillation/.venv/lib/python3.10/site-packages/litellm/cost_calculator.py", line 407, in cost_per_token
    model_info = _cached_get_model_info_helper(
  File "/gscratch/stf/rpande/lora-context-distillation/.venv/lib/python3.10/site-packages/litellm/utils.py", line 4769, in _cached_get_model_info_helper
    return _get_model_info_helper(model=model, custom_llm_provider=custom_llm_provider)
  File "/gscratch/stf/rpande/lora-context-distillation/.venv/lib/python3.10/site-packages/litellm/utils.py", line 5081, in _get_model_info_helper
    raise Exception(
Exception: This model isn't mapped yet. model=hosted_vllm/Qwen/Qwen3-30B-A3B-Thinking-2507, custom_llm_provider=hosted_vllm. Add it here - https://github.com/BerriAI/litellm/blob/main/model_prices_and_context_window.json.
2026-01-05 00:45:04,413 - minisweagent - INFO - Saved trajectory to 'runs/qwen3-32101988/swe/sphinx-doc__sphinx-11510/sphinx-doc__sphinx-11510.traj.json'
2026-01-05 00:50:57,100 - minisweagent - ERROR - Error processing instance sphinx-doc__sphinx-7590: This model isn't mapped yet. model=hosted_vllm/Qwen/Qwen3-30B-A3B-Thinking-2507, custom_llm_provider=hosted_vllm. Add it here - https://github.com/BerriAI/litellm/blob/main/model_prices_and_context_window.json.
Traceback (most recent call last):
  File "/gscratch/stf/rpande/lora-context-distillation/.venv/lib/python3.10/site-packages/litellm/utils.py", line 4917, in _get_model_info_helper
    raise ValueError(
ValueError: This model isn't mapped yet. Add it here - https://github.com/BerriAI/litellm/blob/main/model_prices_and_context_window.json

During handling of the above exception, another exception occurred:

Traceback (most recent call last):
  File "/gscratch/stf/rpande/lora-context-distillation/.venv/lib/python3.10/site-packages/minisweagent/run/extra/swebench.py", line 152, in process_instance
    exit_status, result = agent.run(task)
  File "/gscratch/stf/rpande/lora-context-distillation/.venv/lib/python3.10/site-packages/minisweagent/agents/default.py", line 81, in run
    self.step()
  File "/gscratch/stf/rpande/lora-context-distillation/.venv/lib/python3.10/site-packages/minisweagent/run/extra/swebench.py", line 66, in step
    return super().step()
  File "/gscratch/stf/rpande/lora-context-distillation/.venv/lib/python3.10/site-packages/minisweagent/agents/default.py", line 90, in step
    return self.get_observation(self.query())
  File "/gscratch/stf/rpande/lora-context-distillation/.venv/lib/python3.10/site-packages/minisweagent/agents/default.py", line 96, in query
    response = self.model.query(self.messages)
  File "/gscratch/stf/rpande/lora-context-distillation/.venv/lib/python3.10/site-packages/minisweagent/models/litellm_model.py", line 70, in query
    cost = litellm.cost_calculator.completion_cost(response)
  File "/gscratch/stf/rpande/lora-context-distillation/.venv/lib/python3.10/site-packages/litellm/cost_calculator.py", line 1163, in completion_cost
    raise e
  File "/gscratch/stf/rpande/lora-context-distillation/.venv/lib/python3.10/site-packages/litellm/cost_calculator.py", line 1156, in completion_cost
    raise e
  File "/gscratch/stf/rpande/lora-context-distillation/.venv/lib/python3.10/site-packages/litellm/cost_calculator.py", line 1095, in completion_cost
    ) = cost_per_token(
  File "/gscratch/stf/rpande/lora-context-distillation/.venv/lib/python3.10/site-packages/litellm/cost_calculator.py", line 407, in cost_per_token
    model_info = _cached_get_model_info_helper(
  File "/gscratch/stf/rpande/lora-context-distillation/.venv/lib/python3.10/site-packages/litellm/utils.py", line 4769, in _cached_get_model_info_helper
    return _get_model_info_helper(model=model, custom_llm_provider=custom_llm_provider)
  File "/gscratch/stf/rpande/lora-context-distillation/.venv/lib/python3.10/site-packages/litellm/utils.py", line 5081, in _get_model_info_helper
    raise Exception(
Exception: This model isn't mapped yet. model=hosted_vllm/Qwen/Qwen3-30B-A3B-Thinking-2507, custom_llm_provider=hosted_vllm. Add it here - https://github.com/BerriAI/litellm/blob/main/model_prices_and_context_window.json.
2026-01-05 00:50:57,132 - minisweagent - INFO - Saved trajectory to 'runs/qwen3-32101988/swe/sphinx-doc__sphinx-7590/sphinx-doc__sphinx-7590.traj.json'
2026-01-05 00:54:42,214 - minisweagent - ERROR - Error processing instance sphinx-doc__sphinx-7748: This model isn't mapped yet. model=hosted_vllm/Qwen/Qwen3-30B-A3B-Thinking-2507, custom_llm_provider=hosted_vllm. Add it here - https://github.com/BerriAI/litellm/blob/main/model_prices_and_context_window.json.
Traceback (most recent call last):
  File "/gscratch/stf/rpande/lora-context-distillation/.venv/lib/python3.10/site-packages/litellm/utils.py", line 4917, in _get_model_info_helper
    raise ValueError(
ValueError: This model isn't mapped yet. Add it here - https://github.com/BerriAI/litellm/blob/main/model_prices_and_context_window.json

During handling of the above exception, another exception occurred:

Traceback (most recent call last):
  File "/gscratch/stf/rpande/lora-context-distillation/.venv/lib/python3.10/site-packages/minisweagent/run/extra/swebench.py", line 152, in process_instance
    exit_status, result = agent.run(task)
  File "/gscratch/stf/rpande/lora-context-distillation/.venv/lib/python3.10/site-packages/minisweagent/agents/default.py", line 81, in run
    self.step()
  File "/gscratch/stf/rpande/lora-context-distillation/.venv/lib/python3.10/site-packages/minisweagent/run/extra/swebench.py", line 66, in step
    return super().step()
  File "/gscratch/stf/rpande/lora-context-distillation/.venv/lib/python3.10/site-packages/minisweagent/agents/default.py", line 90, in step
    return self.get_observation(self.query())
  File "/gscratch/stf/rpande/lora-context-distillation/.venv/lib/python3.10/site-packages/minisweagent/agents/default.py", line 96, in query
    response = self.model.query(self.messages)
  File "/gscratch/stf/rpande/lora-context-distillation/.venv/lib/python3.10/site-packages/minisweagent/models/litellm_model.py", line 70, in query
    cost = litellm.cost_calculator.completion_cost(response)
  File "/gscratch/stf/rpande/lora-context-distillation/.venv/lib/python3.10/site-packages/litellm/cost_calculator.py", line 1163, in completion_cost
    raise e
  File "/gscratch/stf/rpande/lora-context-distillation/.venv/lib/python3.10/site-packages/litellm/cost_calculator.py", line 1156, in completion_cost
    raise e
  File "/gscratch/stf/rpande/lora-context-distillation/.venv/lib/python3.10/site-packages/litellm/cost_calculator.py", line 1095, in completion_cost
    ) = cost_per_token(
  File "/gscratch/stf/rpande/lora-context-distillation/.venv/lib/python3.10/site-packages/litellm/cost_calculator.py", line 407, in cost_per_token
    model_info = _cached_get_model_info_helper(
  File "/gscratch/stf/rpande/lora-context-distillation/.venv/lib/python3.10/site-packages/litellm/utils.py", line 4769, in _cached_get_model_info_helper
    return _get_model_info_helper(model=model, custom_llm_provider=custom_llm_provider)
  File "/gscratch/stf/rpande/lora-context-distillation/.venv/lib/python3.10/site-packages/litellm/utils.py", line 5081, in _get_model_info_helper
    raise Exception(
Exception: This model isn't mapped yet. model=hosted_vllm/Qwen/Qwen3-30B-A3B-Thinking-2507, custom_llm_provider=hosted_vllm. Add it here - https://github.com/BerriAI/litellm/blob/main/model_prices_and_context_window.json.
2026-01-05 00:54:43,442 - minisweagent - INFO - Saved trajectory to 'runs/qwen3-32101988/swe/sphinx-doc__sphinx-7748/sphinx-doc__sphinx-7748.traj.json'
2026-01-05 00:56:32,175 - minisweagent - ERROR - Error processing instance sphinx-doc__sphinx-7757: This model isn't mapped yet. model=hosted_vllm/Qwen/Qwen3-30B-A3B-Thinking-2507, custom_llm_provider=hosted_vllm. Add it here - https://github.com/BerriAI/litellm/blob/main/model_prices_and_context_window.json.
Traceback (most recent call last):
  File "/gscratch/stf/rpande/lora-context-distillation/.venv/lib/python3.10/site-packages/litellm/utils.py", line 4917, in _get_model_info_helper
    raise ValueError(
ValueError: This model isn't mapped yet. Add it here - https://github.com/BerriAI/litellm/blob/main/model_prices_and_context_window.json

During handling of the above exception, another exception occurred:

Traceback (most recent call last):
  File "/gscratch/stf/rpande/lora-context-distillation/.venv/lib/python3.10/site-packages/minisweagent/run/extra/swebench.py", line 152, in process_instance
    exit_status, result = agent.run(task)
  File "/gscratch/stf/rpande/lora-context-distillation/.venv/lib/python3.10/site-packages/minisweagent/agents/default.py", line 81, in run
    self.step()
  File "/gscratch/stf/rpande/lora-context-distillation/.venv/lib/python3.10/site-packages/minisweagent/run/extra/swebench.py", line 66, in step
    return super().step()
  File "/gscratch/stf/rpande/lora-context-distillation/.venv/lib/python3.10/site-packages/minisweagent/agents/default.py", line 90, in step
    return self.get_observation(self.query())
  File "/gscratch/stf/rpande/lora-context-distillation/.venv/lib/python3.10/site-packages/minisweagent/agents/default.py", line 96, in query
    response = self.model.query(self.messages)
  File "/gscratch/stf/rpande/lora-context-distillation/.venv/lib/python3.10/site-packages/minisweagent/models/litellm_model.py", line 70, in query
    cost = litellm.cost_calculator.completion_cost(response)
  File "/gscratch/stf/rpande/lora-context-distillation/.venv/lib/python3.10/site-packages/litellm/cost_calculator.py", line 1163, in completion_cost
    raise e
  File "/gscratch/stf/rpande/lora-context-distillation/.venv/lib/python3.10/site-packages/litellm/cost_calculator.py", line 1156, in completion_cost
    raise e
  File "/gscratch/stf/rpande/lora-context-distillation/.venv/lib/python3.10/site-packages/litellm/cost_calculator.py", line 1095, in completion_cost
    ) = cost_per_token(
  File "/gscratch/stf/rpande/lora-context-distillation/.venv/lib/python3.10/site-packages/litellm/cost_calculator.py", line 407, in cost_per_token
    model_info = _cached_get_model_info_helper(
  File "/gscratch/stf/rpande/lora-context-distillation/.venv/lib/python3.10/site-packages/litellm/utils.py", line 4769, in _cached_get_model_info_helper
    return _get_model_info_helper(model=model, custom_llm_provider=custom_llm_provider)
  File "/gscratch/stf/rpande/lora-context-distillation/.venv/lib/python3.10/site-packages/litellm/utils.py", line 5081, in _get_model_info_helper
    raise Exception(
Exception: This model isn't mapped yet. model=hosted_vllm/Qwen/Qwen3-30B-A3B-Thinking-2507, custom_llm_provider=hosted_vllm. Add it here - https://github.com/BerriAI/litellm/blob/main/model_prices_and_context_window.json.
2026-01-05 00:56:33,976 - minisweagent - INFO - Saved trajectory to 'runs/qwen3-32101988/swe/sphinx-doc__sphinx-7757/sphinx-doc__sphinx-7757.traj.json'
2026-01-05 01:00:33,023 - minisweagent - ERROR - Error processing instance sphinx-doc__sphinx-7985: This model isn't mapped yet. model=hosted_vllm/Qwen/Qwen3-30B-A3B-Thinking-2507, custom_llm_provider=hosted_vllm. Add it here - https://github.com/BerriAI/litellm/blob/main/model_prices_and_context_window.json.
Traceback (most recent call last):
  File "/gscratch/stf/rpande/lora-context-distillation/.venv/lib/python3.10/site-packages/litellm/utils.py", line 4917, in _get_model_info_helper
    raise ValueError(
ValueError: This model isn't mapped yet. Add it here - https://github.com/BerriAI/litellm/blob/main/model_prices_and_context_window.json

During handling of the above exception, another exception occurred:

Traceback (most recent call last):
  File "/gscratch/stf/rpande/lora-context-distillation/.venv/lib/python3.10/site-packages/minisweagent/run/extra/swebench.py", line 152, in process_instance
    exit_status, result = agent.run(task)
  File "/gscratch/stf/rpande/lora-context-distillation/.venv/lib/python3.10/site-packages/minisweagent/agents/default.py", line 81, in run
    self.step()
  File "/gscratch/stf/rpande/lora-context-distillation/.venv/lib/python3.10/site-packages/minisweagent/run/extra/swebench.py", line 66, in step
    return super().step()
  File "/gscratch/stf/rpande/lora-context-distillation/.venv/lib/python3.10/site-packages/minisweagent/agents/default.py", line 90, in step
    return self.get_observation(self.query())
  File "/gscratch/stf/rpande/lora-context-distillation/.venv/lib/python3.10/site-packages/minisweagent/agents/default.py", line 96, in query
    response = self.model.query(self.messages)
  File "/gscratch/stf/rpande/lora-context-distillation/.venv/lib/python3.10/site-packages/minisweagent/models/litellm_model.py", line 70, in query
    cost = litellm.cost_calculator.completion_cost(response)
  File "/gscratch/stf/rpande/lora-context-distillation/.venv/lib/python3.10/site-packages/litellm/cost_calculator.py", line 1163, in completion_cost
    raise e
  File "/gscratch/stf/rpande/lora-context-distillation/.venv/lib/python3.10/site-packages/litellm/cost_calculator.py", line 1156, in completion_cost
    raise e
  File "/gscratch/stf/rpande/lora-context-distillation/.venv/lib/python3.10/site-packages/litellm/cost_calculator.py", line 1095, in completion_cost
    ) = cost_per_token(
  File "/gscratch/stf/rpande/lora-context-distillation/.venv/lib/python3.10/site-packages/litellm/cost_calculator.py", line 407, in cost_per_token
    model_info = _cached_get_model_info_helper(
  File "/gscratch/stf/rpande/lora-context-distillation/.venv/lib/python3.10/site-packages/litellm/utils.py", line 4769, in _cached_get_model_info_helper
    return _get_model_info_helper(model=model, custom_llm_provider=custom_llm_provider)
  File "/gscratch/stf/rpande/lora-context-distillation/.venv/lib/python3.10/site-packages/litellm/utils.py", line 5081, in _get_model_info_helper
    raise Exception(
Exception: This model isn't mapped yet. model=hosted_vllm/Qwen/Qwen3-30B-A3B-Thinking-2507, custom_llm_provider=hosted_vllm. Add it here - https://github.com/BerriAI/litellm/blob/main/model_prices_and_context_window.json.
2026-01-05 01:00:34,778 - minisweagent - INFO - Saved trajectory to 'runs/qwen3-32101988/swe/sphinx-doc__sphinx-7985/sphinx-doc__sphinx-7985.traj.json'
2026-01-05 01:03:53,130 - minisweagent - ERROR - Error processing instance sphinx-doc__sphinx-8035: This model isn't mapped yet. model=hosted_vllm/Qwen/Qwen3-30B-A3B-Thinking-2507, custom_llm_provider=hosted_vllm. Add it here - https://github.com/BerriAI/litellm/blob/main/model_prices_and_context_window.json.
Traceback (most recent call last):
  File "/gscratch/stf/rpande/lora-context-distillation/.venv/lib/python3.10/site-packages/litellm/utils.py", line 4917, in _get_model_info_helper
    raise ValueError(
ValueError: This model isn't mapped yet. Add it here - https://github.com/BerriAI/litellm/blob/main/model_prices_and_context_window.json

During handling of the above exception, another exception occurred:

Traceback (most recent call last):
  File "/gscratch/stf/rpande/lora-context-distillation/.venv/lib/python3.10/site-packages/minisweagent/run/extra/swebench.py", line 152, in process_instance
    exit_status, result = agent.run(task)
  File "/gscratch/stf/rpande/lora-context-distillation/.venv/lib/python3.10/site-packages/minisweagent/agents/default.py", line 81, in run
    self.step()
  File "/gscratch/stf/rpande/lora-context-distillation/.venv/lib/python3.10/site-packages/minisweagent/run/extra/swebench.py", line 66, in step
    return super().step()
  File "/gscratch/stf/rpande/lora-context-distillation/.venv/lib/python3.10/site-packages/minisweagent/agents/default.py", line 90, in step
    return self.get_observation(self.query())
  File "/gscratch/stf/rpande/lora-context-distillation/.venv/lib/python3.10/site-packages/minisweagent/agents/default.py", line 96, in query
    response = self.model.query(self.messages)
  File "/gscratch/stf/rpande/lora-context-distillation/.venv/lib/python3.10/site-packages/minisweagent/models/litellm_model.py", line 70, in query
    cost = litellm.cost_calculator.completion_cost(response)
  File "/gscratch/stf/rpande/lora-context-distillation/.venv/lib/python3.10/site-packages/litellm/cost_calculator.py", line 1163, in completion_cost
    raise e
  File "/gscratch/stf/rpande/lora-context-distillation/.venv/lib/python3.10/site-packages/litellm/cost_calculator.py", line 1156, in completion_cost
    raise e
  File "/gscratch/stf/rpande/lora-context-distillation/.venv/lib/python3.10/site-packages/litellm/cost_calculator.py", line 1095, in completion_cost
    ) = cost_per_token(
  File "/gscratch/stf/rpande/lora-context-distillation/.venv/lib/python3.10/site-packages/litellm/cost_calculator.py", line 407, in cost_per_token
    model_info = _cached_get_model_info_helper(
  File "/gscratch/stf/rpande/lora-context-distillation/.venv/lib/python3.10/site-packages/litellm/utils.py", line 4769, in _cached_get_model_info_helper
    return _get_model_info_helper(model=model, custom_llm_provider=custom_llm_provider)
  File "/gscratch/stf/rpande/lora-context-distillation/.venv/lib/python3.10/site-packages/litellm/utils.py", line 5081, in _get_model_info_helper
    raise Exception(
Exception: This model isn't mapped yet. model=hosted_vllm/Qwen/Qwen3-30B-A3B-Thinking-2507, custom_llm_provider=hosted_vllm. Add it here - https://github.com/BerriAI/litellm/blob/main/model_prices_and_context_window.json.
2026-01-05 01:03:54,917 - minisweagent - INFO - Saved trajectory to 'runs/qwen3-32101988/swe/sphinx-doc__sphinx-8035/sphinx-doc__sphinx-8035.traj.json'
2026-01-05 01:08:12,142 - minisweagent - ERROR - Error processing instance sphinx-doc__sphinx-8056: This model isn't mapped yet. model=hosted_vllm/Qwen/Qwen3-30B-A3B-Thinking-2507, custom_llm_provider=hosted_vllm. Add it here - https://github.com/BerriAI/litellm/blob/main/model_prices_and_context_window.json.
Traceback (most recent call last):
  File "/gscratch/stf/rpande/lora-context-distillation/.venv/lib/python3.10/site-packages/litellm/utils.py", line 4917, in _get_model_info_helper
    raise ValueError(
ValueError: This model isn't mapped yet. Add it here - https://github.com/BerriAI/litellm/blob/main/model_prices_and_context_window.json

During handling of the above exception, another exception occurred:

Traceback (most recent call last):
  File "/gscratch/stf/rpande/lora-context-distillation/.venv/lib/python3.10/site-packages/minisweagent/run/extra/swebench.py", line 152, in process_instance
    exit_status, result = agent.run(task)
  File "/gscratch/stf/rpande/lora-context-distillation/.venv/lib/python3.10/site-packages/minisweagent/agents/default.py", line 81, in run
    self.step()
  File "/gscratch/stf/rpande/lora-context-distillation/.venv/lib/python3.10/site-packages/minisweagent/run/extra/swebench.py", line 66, in step
    return super().step()
  File "/gscratch/stf/rpande/lora-context-distillation/.venv/lib/python3.10/site-packages/minisweagent/agents/default.py", line 90, in step
    return self.get_observation(self.query())
  File "/gscratch/stf/rpande/lora-context-distillation/.venv/lib/python3.10/site-packages/minisweagent/agents/default.py", line 96, in query
    response = self.model.query(self.messages)
  File "/gscratch/stf/rpande/lora-context-distillation/.venv/lib/python3.10/site-packages/minisweagent/models/litellm_model.py", line 70, in query
    cost = litellm.cost_calculator.completion_cost(response)
  File "/gscratch/stf/rpande/lora-context-distillation/.venv/lib/python3.10/site-packages/litellm/cost_calculator.py", line 1163, in completion_cost
    raise e
  File "/gscratch/stf/rpande/lora-context-distillation/.venv/lib/python3.10/site-packages/litellm/cost_calculator.py", line 1156, in completion_cost
    raise e
  File "/gscratch/stf/rpande/lora-context-distillation/.venv/lib/python3.10/site-packages/litellm/cost_calculator.py", line 1095, in completion_cost
    ) = cost_per_token(
  File "/gscratch/stf/rpande/lora-context-distillation/.venv/lib/python3.10/site-packages/litellm/cost_calculator.py", line 407, in cost_per_token
    model_info = _cached_get_model_info_helper(
  File "/gscratch/stf/rpande/lora-context-distillation/.venv/lib/python3.10/site-packages/litellm/utils.py", line 4769, in _cached_get_model_info_helper
    return _get_model_info_helper(model=model, custom_llm_provider=custom_llm_provider)
  File "/gscratch/stf/rpande/lora-context-distillation/.venv/lib/python3.10/site-packages/litellm/utils.py", line 5081, in _get_model_info_helper
    raise Exception(
Exception: This model isn't mapped yet. model=hosted_vllm/Qwen/Qwen3-30B-A3B-Thinking-2507, custom_llm_provider=hosted_vllm. Add it here - https://github.com/BerriAI/litellm/blob/main/model_prices_and_context_window.json.
2026-01-05 01:08:13,942 - minisweagent - INFO - Saved trajectory to 'runs/qwen3-32101988/swe/sphinx-doc__sphinx-8056/sphinx-doc__sphinx-8056.traj.json'
2026-01-05 01:10:53,349 - minisweagent - ERROR - Error processing instance sphinx-doc__sphinx-8265: This model isn't mapped yet. model=hosted_vllm/Qwen/Qwen3-30B-A3B-Thinking-2507, custom_llm_provider=hosted_vllm. Add it here - https://github.com/BerriAI/litellm/blob/main/model_prices_and_context_window.json.
Traceback (most recent call last):
  File "/gscratch/stf/rpande/lora-context-distillation/.venv/lib/python3.10/site-packages/litellm/utils.py", line 4917, in _get_model_info_helper
    raise ValueError(
ValueError: This model isn't mapped yet. Add it here - https://github.com/BerriAI/litellm/blob/main/model_prices_and_context_window.json

During handling of the above exception, another exception occurred:

Traceback (most recent call last):
  File "/gscratch/stf/rpande/lora-context-distillation/.venv/lib/python3.10/site-packages/minisweagent/run/extra/swebench.py", line 152, in process_instance
    exit_status, result = agent.run(task)
  File "/gscratch/stf/rpande/lora-context-distillation/.venv/lib/python3.10/site-packages/minisweagent/agents/default.py", line 81, in run
    self.step()
  File "/gscratch/stf/rpande/lora-context-distillation/.venv/lib/python3.10/site-packages/minisweagent/run/extra/swebench.py", line 66, in step
    return super().step()
  File "/gscratch/stf/rpande/lora-context-distillation/.venv/lib/python3.10/site-packages/minisweagent/agents/default.py", line 90, in step
    return self.get_observation(self.query())
  File "/gscratch/stf/rpande/lora-context-distillation/.venv/lib/python3.10/site-packages/minisweagent/agents/default.py", line 96, in query
    response = self.model.query(self.messages)
  File "/gscratch/stf/rpande/lora-context-distillation/.venv/lib/python3.10/site-packages/minisweagent/models/litellm_model.py", line 70, in query
    cost = litellm.cost_calculator.completion_cost(response)
  File "/gscratch/stf/rpande/lora-context-distillation/.venv/lib/python3.10/site-packages/litellm/cost_calculator.py", line 1163, in completion_cost
    raise e
  File "/gscratch/stf/rpande/lora-context-distillation/.venv/lib/python3.10/site-packages/litellm/cost_calculator.py", line 1156, in completion_cost
    raise e
  File "/gscratch/stf/rpande/lora-context-distillation/.venv/lib/python3.10/site-packages/litellm/cost_calculator.py", line 1095, in completion_cost
    ) = cost_per_token(
  File "/gscratch/stf/rpande/lora-context-distillation/.venv/lib/python3.10/site-packages/litellm/cost_calculator.py", line 407, in cost_per_token
    model_info = _cached_get_model_info_helper(
  File "/gscratch/stf/rpande/lora-context-distillation/.venv/lib/python3.10/site-packages/litellm/utils.py", line 4769, in _cached_get_model_info_helper
    return _get_model_info_helper(model=model, custom_llm_provider=custom_llm_provider)
  File "/gscratch/stf/rpande/lora-context-distillation/.venv/lib/python3.10/site-packages/litellm/utils.py", line 5081, in _get_model_info_helper
    raise Exception(
Exception: This model isn't mapped yet. model=hosted_vllm/Qwen/Qwen3-30B-A3B-Thinking-2507, custom_llm_provider=hosted_vllm. Add it here - https://github.com/BerriAI/litellm/blob/main/model_prices_and_context_window.json.
2026-01-05 01:10:55,264 - minisweagent - INFO - Saved trajectory to 'runs/qwen3-32101988/swe/sphinx-doc__sphinx-8265/sphinx-doc__sphinx-8265.traj.json'
2026-01-05 01:12:20,394 - minisweagent - ERROR - Error processing instance sphinx-doc__sphinx-8269: This model isn't mapped yet. model=hosted_vllm/Qwen/Qwen3-30B-A3B-Thinking-2507, custom_llm_provider=hosted_vllm. Add it here - https://github.com/BerriAI/litellm/blob/main/model_prices_and_context_window.json.
Traceback (most recent call last):
  File "/gscratch/stf/rpande/lora-context-distillation/.venv/lib/python3.10/site-packages/litellm/utils.py", line 4917, in _get_model_info_helper
    raise ValueError(
ValueError: This model isn't mapped yet. Add it here - https://github.com/BerriAI/litellm/blob/main/model_prices_and_context_window.json

During handling of the above exception, another exception occurred:

Traceback (most recent call last):
  File "/gscratch/stf/rpande/lora-context-distillation/.venv/lib/python3.10/site-packages/minisweagent/run/extra/swebench.py", line 152, in process_instance
    exit_status, result = agent.run(task)
  File "/gscratch/stf/rpande/lora-context-distillation/.venv/lib/python3.10/site-packages/minisweagent/agents/default.py", line 81, in run
    self.step()
  File "/gscratch/stf/rpande/lora-context-distillation/.venv/lib/python3.10/site-packages/minisweagent/run/extra/swebench.py", line 66, in step
    return super().step()
  File "/gscratch/stf/rpande/lora-context-distillation/.venv/lib/python3.10/site-packages/minisweagent/agents/default.py", line 90, in step
    return self.get_observation(self.query())
  File "/gscratch/stf/rpande/lora-context-distillation/.venv/lib/python3.10/site-packages/minisweagent/agents/default.py", line 96, in query
    response = self.model.query(self.messages)
  File "/gscratch/stf/rpande/lora-context-distillation/.venv/lib/python3.10/site-packages/minisweagent/models/litellm_model.py", line 70, in query
    cost = litellm.cost_calculator.completion_cost(response)
  File "/gscratch/stf/rpande/lora-context-distillation/.venv/lib/python3.10/site-packages/litellm/cost_calculator.py", line 1163, in completion_cost
    raise e
  File "/gscratch/stf/rpande/lora-context-distillation/.venv/lib/python3.10/site-packages/litellm/cost_calculator.py", line 1156, in completion_cost
    raise e
  File "/gscratch/stf/rpande/lora-context-distillation/.venv/lib/python3.10/site-packages/litellm/cost_calculator.py", line 1095, in completion_cost
    ) = cost_per_token(
  File "/gscratch/stf/rpande/lora-context-distillation/.venv/lib/python3.10/site-packages/litellm/cost_calculator.py", line 407, in cost_per_token
    model_info = _cached_get_model_info_helper(
  File "/gscratch/stf/rpande/lora-context-distillation/.venv/lib/python3.10/site-packages/litellm/utils.py", line 4769, in _cached_get_model_info_helper
    return _get_model_info_helper(model=model, custom_llm_provider=custom_llm_provider)
  File "/gscratch/stf/rpande/lora-context-distillation/.venv/lib/python3.10/site-packages/litellm/utils.py", line 5081, in _get_model_info_helper
    raise Exception(
Exception: This model isn't mapped yet. model=hosted_vllm/Qwen/Qwen3-30B-A3B-Thinking-2507, custom_llm_provider=hosted_vllm. Add it here - https://github.com/BerriAI/litellm/blob/main/model_prices_and_context_window.json.
2026-01-05 01:12:22,061 - minisweagent - INFO - Saved trajectory to 'runs/qwen3-32101988/swe/sphinx-doc__sphinx-8269/sphinx-doc__sphinx-8269.traj.json'
2026-01-05 01:15:45,729 - minisweagent - ERROR - Error processing instance sphinx-doc__sphinx-8475: This model isn't mapped yet. model=hosted_vllm/Qwen/Qwen3-30B-A3B-Thinking-2507, custom_llm_provider=hosted_vllm. Add it here - https://github.com/BerriAI/litellm/blob/main/model_prices_and_context_window.json.
Traceback (most recent call last):
  File "/gscratch/stf/rpande/lora-context-distillation/.venv/lib/python3.10/site-packages/litellm/utils.py", line 4917, in _get_model_info_helper
    raise ValueError(
ValueError: This model isn't mapped yet. Add it here - https://github.com/BerriAI/litellm/blob/main/model_prices_and_context_window.json

During handling of the above exception, another exception occurred:

Traceback (most recent call last):
  File "/gscratch/stf/rpande/lora-context-distillation/.venv/lib/python3.10/site-packages/minisweagent/run/extra/swebench.py", line 152, in process_instance
    exit_status, result = agent.run(task)
  File "/gscratch/stf/rpande/lora-context-distillation/.venv/lib/python3.10/site-packages/minisweagent/agents/default.py", line 81, in run
    self.step()
  File "/gscratch/stf/rpande/lora-context-distillation/.venv/lib/python3.10/site-packages/minisweagent/run/extra/swebench.py", line 66, in step
    return super().step()
  File "/gscratch/stf/rpande/lora-context-distillation/.venv/lib/python3.10/site-packages/minisweagent/agents/default.py", line 90, in step
    return self.get_observation(self.query())
  File "/gscratch/stf/rpande/lora-context-distillation/.venv/lib/python3.10/site-packages/minisweagent/agents/default.py", line 96, in query
    response = self.model.query(self.messages)
  File "/gscratch/stf/rpande/lora-context-distillation/.venv/lib/python3.10/site-packages/minisweagent/models/litellm_model.py", line 70, in query
    cost = litellm.cost_calculator.completion_cost(response)
  File "/gscratch/stf/rpande/lora-context-distillation/.venv/lib/python3.10/site-packages/litellm/cost_calculator.py", line 1163, in completion_cost
    raise e
  File "/gscratch/stf/rpande/lora-context-distillation/.venv/lib/python3.10/site-packages/litellm/cost_calculator.py", line 1156, in completion_cost
    raise e
  File "/gscratch/stf/rpande/lora-context-distillation/.venv/lib/python3.10/site-packages/litellm/cost_calculator.py", line 1095, in completion_cost
    ) = cost_per_token(
  File "/gscratch/stf/rpande/lora-context-distillation/.venv/lib/python3.10/site-packages/litellm/cost_calculator.py", line 407, in cost_per_token
    model_info = _cached_get_model_info_helper(
  File "/gscratch/stf/rpande/lora-context-distillation/.venv/lib/python3.10/site-packages/litellm/utils.py", line 4769, in _cached_get_model_info_helper
    return _get_model_info_helper(model=model, custom_llm_provider=custom_llm_provider)
  File "/gscratch/stf/rpande/lora-context-distillation/.venv/lib/python3.10/site-packages/litellm/utils.py", line 5081, in _get_model_info_helper
    raise Exception(
Exception: This model isn't mapped yet. model=hosted_vllm/Qwen/Qwen3-30B-A3B-Thinking-2507, custom_llm_provider=hosted_vllm. Add it here - https://github.com/BerriAI/litellm/blob/main/model_prices_and_context_window.json.
2026-01-05 01:15:47,545 - minisweagent - INFO - Saved trajectory to 'runs/qwen3-32101988/swe/sphinx-doc__sphinx-8475/sphinx-doc__sphinx-8475.traj.json'
2026-01-05 01:19:04,957 - minisweagent - ERROR - Error processing instance sphinx-doc__sphinx-8548: This model isn't mapped yet. model=hosted_vllm/Qwen/Qwen3-30B-A3B-Thinking-2507, custom_llm_provider=hosted_vllm. Add it here - https://github.com/BerriAI/litellm/blob/main/model_prices_and_context_window.json.
Traceback (most recent call last):
  File "/gscratch/stf/rpande/lora-context-distillation/.venv/lib/python3.10/site-packages/litellm/utils.py", line 4917, in _get_model_info_helper
    raise ValueError(
ValueError: This model isn't mapped yet. Add it here - https://github.com/BerriAI/litellm/blob/main/model_prices_and_context_window.json

During handling of the above exception, another exception occurred:

Traceback (most recent call last):
  File "/gscratch/stf/rpande/lora-context-distillation/.venv/lib/python3.10/site-packages/minisweagent/run/extra/swebench.py", line 152, in process_instance
    exit_status, result = agent.run(task)
  File "/gscratch/stf/rpande/lora-context-distillation/.venv/lib/python3.10/site-packages/minisweagent/agents/default.py", line 81, in run
    self.step()
  File "/gscratch/stf/rpande/lora-context-distillation/.venv/lib/python3.10/site-packages/minisweagent/run/extra/swebench.py", line 66, in step
    return super().step()
  File "/gscratch/stf/rpande/lora-context-distillation/.venv/lib/python3.10/site-packages/minisweagent/agents/default.py", line 90, in step
    return self.get_observation(self.query())
  File "/gscratch/stf/rpande/lora-context-distillation/.venv/lib/python3.10/site-packages/minisweagent/agents/default.py", line 96, in query
    response = self.model.query(self.messages)
  File "/gscratch/stf/rpande/lora-context-distillation/.venv/lib/python3.10/site-packages/minisweagent/models/litellm_model.py", line 70, in query
    cost = litellm.cost_calculator.completion_cost(response)
  File "/gscratch/stf/rpande/lora-context-distillation/.venv/lib/python3.10/site-packages/litellm/cost_calculator.py", line 1163, in completion_cost
    raise e
  File "/gscratch/stf/rpande/lora-context-distillation/.venv/lib/python3.10/site-packages/litellm/cost_calculator.py", line 1156, in completion_cost
    raise e
  File "/gscratch/stf/rpande/lora-context-distillation/.venv/lib/python3.10/site-packages/litellm/cost_calculator.py", line 1095, in completion_cost
    ) = cost_per_token(
  File "/gscratch/stf/rpande/lora-context-distillation/.venv/lib/python3.10/site-packages/litellm/cost_calculator.py", line 407, in cost_per_token
    model_info = _cached_get_model_info_helper(
  File "/gscratch/stf/rpande/lora-context-distillation/.venv/lib/python3.10/site-packages/litellm/utils.py", line 4769, in _cached_get_model_info_helper
    return _get_model_info_helper(model=model, custom_llm_provider=custom_llm_provider)
  File "/gscratch/stf/rpande/lora-context-distillation/.venv/lib/python3.10/site-packages/litellm/utils.py", line 5081, in _get_model_info_helper
    raise Exception(
Exception: This model isn't mapped yet. model=hosted_vllm/Qwen/Qwen3-30B-A3B-Thinking-2507, custom_llm_provider=hosted_vllm. Add it here - https://github.com/BerriAI/litellm/blob/main/model_prices_and_context_window.json.
2026-01-05 01:19:06,818 - minisweagent - INFO - Saved trajectory to 'runs/qwen3-32101988/swe/sphinx-doc__sphinx-8548/sphinx-doc__sphinx-8548.traj.json'
2026-01-05 01:24:01,768 - minisweagent - ERROR - Error processing instance sphinx-doc__sphinx-8551: This model isn't mapped yet. model=hosted_vllm/Qwen/Qwen3-30B-A3B-Thinking-2507, custom_llm_provider=hosted_vllm. Add it here - https://github.com/BerriAI/litellm/blob/main/model_prices_and_context_window.json.
Traceback (most recent call last):
  File "/gscratch/stf/rpande/lora-context-distillation/.venv/lib/python3.10/site-packages/litellm/utils.py", line 4917, in _get_model_info_helper
    raise ValueError(
ValueError: This model isn't mapped yet. Add it here - https://github.com/BerriAI/litellm/blob/main/model_prices_and_context_window.json

During handling of the above exception, another exception occurred:

Traceback (most recent call last):
  File "/gscratch/stf/rpande/lora-context-distillation/.venv/lib/python3.10/site-packages/minisweagent/run/extra/swebench.py", line 152, in process_instance
    exit_status, result = agent.run(task)
  File "/gscratch/stf/rpande/lora-context-distillation/.venv/lib/python3.10/site-packages/minisweagent/agents/default.py", line 81, in run
    self.step()
  File "/gscratch/stf/rpande/lora-context-distillation/.venv/lib/python3.10/site-packages/minisweagent/run/extra/swebench.py", line 66, in step
    return super().step()
  File "/gscratch/stf/rpande/lora-context-distillation/.venv/lib/python3.10/site-packages/minisweagent/agents/default.py", line 90, in step
    return self.get_observation(self.query())
  File "/gscratch/stf/rpande/lora-context-distillation/.venv/lib/python3.10/site-packages/minisweagent/agents/default.py", line 96, in query
    response = self.model.query(self.messages)
  File "/gscratch/stf/rpande/lora-context-distillation/.venv/lib/python3.10/site-packages/minisweagent/models/litellm_model.py", line 70, in query
    cost = litellm.cost_calculator.completion_cost(response)
  File "/gscratch/stf/rpande/lora-context-distillation/.venv/lib/python3.10/site-packages/litellm/cost_calculator.py", line 1163, in completion_cost
    raise e
  File "/gscratch/stf/rpande/lora-context-distillation/.venv/lib/python3.10/site-packages/litellm/cost_calculator.py", line 1156, in completion_cost
    raise e
  File "/gscratch/stf/rpande/lora-context-distillation/.venv/lib/python3.10/site-packages/litellm/cost_calculator.py", line 1095, in completion_cost
    ) = cost_per_token(
  File "/gscratch/stf/rpande/lora-context-distillation/.venv/lib/python3.10/site-packages/litellm/cost_calculator.py", line 407, in cost_per_token
    model_info = _cached_get_model_info_helper(
  File "/gscratch/stf/rpande/lora-context-distillation/.venv/lib/python3.10/site-packages/litellm/utils.py", line 4769, in _cached_get_model_info_helper
    return _get_model_info_helper(model=model, custom_llm_provider=custom_llm_provider)
  File "/gscratch/stf/rpande/lora-context-distillation/.venv/lib/python3.10/site-packages/litellm/utils.py", line 5081, in _get_model_info_helper
    raise Exception(
Exception: This model isn't mapped yet. model=hosted_vllm/Qwen/Qwen3-30B-A3B-Thinking-2507, custom_llm_provider=hosted_vllm. Add it here - https://github.com/BerriAI/litellm/blob/main/model_prices_and_context_window.json.
2026-01-05 01:24:03,604 - minisweagent - INFO - Saved trajectory to 'runs/qwen3-32101988/swe/sphinx-doc__sphinx-8551/sphinx-doc__sphinx-8551.traj.json'
2026-01-05 01:29:05,641 - minisweagent - ERROR - Error processing instance sphinx-doc__sphinx-8638: This model isn't mapped yet. model=hosted_vllm/Qwen/Qwen3-30B-A3B-Thinking-2507, custom_llm_provider=hosted_vllm. Add it here - https://github.com/BerriAI/litellm/blob/main/model_prices_and_context_window.json.
Traceback (most recent call last):
  File "/gscratch/stf/rpande/lora-context-distillation/.venv/lib/python3.10/site-packages/litellm/utils.py", line 4917, in _get_model_info_helper
    raise ValueError(
ValueError: This model isn't mapped yet. Add it here - https://github.com/BerriAI/litellm/blob/main/model_prices_and_context_window.json

During handling of the above exception, another exception occurred:

Traceback (most recent call last):
  File "/gscratch/stf/rpande/lora-context-distillation/.venv/lib/python3.10/site-packages/minisweagent/run/extra/swebench.py", line 152, in process_instance
    exit_status, result = agent.run(task)
  File "/gscratch/stf/rpande/lora-context-distillation/.venv/lib/python3.10/site-packages/minisweagent/agents/default.py", line 81, in run
    self.step()
  File "/gscratch/stf/rpande/lora-context-distillation/.venv/lib/python3.10/site-packages/minisweagent/run/extra/swebench.py", line 66, in step
    return super().step()
  File "/gscratch/stf/rpande/lora-context-distillation/.venv/lib/python3.10/site-packages/minisweagent/agents/default.py", line 90, in step
    return self.get_observation(self.query())
  File "/gscratch/stf/rpande/lora-context-distillation/.venv/lib/python3.10/site-packages/minisweagent/agents/default.py", line 96, in query
    response = self.model.query(self.messages)
  File "/gscratch/stf/rpande/lora-context-distillation/.venv/lib/python3.10/site-packages/minisweagent/models/litellm_model.py", line 70, in query
    cost = litellm.cost_calculator.completion_cost(response)
  File "/gscratch/stf/rpande/lora-context-distillation/.venv/lib/python3.10/site-packages/litellm/cost_calculator.py", line 1163, in completion_cost
    raise e
  File "/gscratch/stf/rpande/lora-context-distillation/.venv/lib/python3.10/site-packages/litellm/cost_calculator.py", line 1156, in completion_cost
    raise e
  File "/gscratch/stf/rpande/lora-context-distillation/.venv/lib/python3.10/site-packages/litellm/cost_calculator.py", line 1095, in completion_cost
    ) = cost_per_token(
  File "/gscratch/stf/rpande/lora-context-distillation/.venv/lib/python3.10/site-packages/litellm/cost_calculator.py", line 407, in cost_per_token
    model_info = _cached_get_model_info_helper(
  File "/gscratch/stf/rpande/lora-context-distillation/.venv/lib/python3.10/site-packages/litellm/utils.py", line 4769, in _cached_get_model_info_helper
    return _get_model_info_helper(model=model, custom_llm_provider=custom_llm_provider)
  File "/gscratch/stf/rpande/lora-context-distillation/.venv/lib/python3.10/site-packages/litellm/utils.py", line 5081, in _get_model_info_helper
    raise Exception(
Exception: This model isn't mapped yet. model=hosted_vllm/Qwen/Qwen3-30B-A3B-Thinking-2507, custom_llm_provider=hosted_vllm. Add it here - https://github.com/BerriAI/litellm/blob/main/model_prices_and_context_window.json.
2026-01-05 01:29:07,468 - minisweagent - INFO - Saved trajectory to 'runs/qwen3-32101988/swe/sphinx-doc__sphinx-8638/sphinx-doc__sphinx-8638.traj.json'
2026-01-05 01:34:18,837 - minisweagent - ERROR - Error processing instance sphinx-doc__sphinx-8721: This model isn't mapped yet. model=hosted_vllm/Qwen/Qwen3-30B-A3B-Thinking-2507, custom_llm_provider=hosted_vllm. Add it here - https://github.com/BerriAI/litellm/blob/main/model_prices_and_context_window.json.
Traceback (most recent call last):
  File "/gscratch/stf/rpande/lora-context-distillation/.venv/lib/python3.10/site-packages/litellm/utils.py", line 4917, in _get_model_info_helper
    raise ValueError(
ValueError: This model isn't mapped yet. Add it here - https://github.com/BerriAI/litellm/blob/main/model_prices_and_context_window.json

During handling of the above exception, another exception occurred:

Traceback (most recent call last):
  File "/gscratch/stf/rpande/lora-context-distillation/.venv/lib/python3.10/site-packages/minisweagent/run/extra/swebench.py", line 152, in process_instance
    exit_status, result = agent.run(task)
  File "/gscratch/stf/rpande/lora-context-distillation/.venv/lib/python3.10/site-packages/minisweagent/agents/default.py", line 81, in run
    self.step()
  File "/gscratch/stf/rpande/lora-context-distillation/.venv/lib/python3.10/site-packages/minisweagent/run/extra/swebench.py", line 66, in step
    return super().step()
  File "/gscratch/stf/rpande/lora-context-distillation/.venv/lib/python3.10/site-packages/minisweagent/agents/default.py", line 90, in step
    return self.get_observation(self.query())
  File "/gscratch/stf/rpande/lora-context-distillation/.venv/lib/python3.10/site-packages/minisweagent/agents/default.py", line 96, in query
    response = self.model.query(self.messages)
  File "/gscratch/stf/rpande/lora-context-distillation/.venv/lib/python3.10/site-packages/minisweagent/models/litellm_model.py", line 70, in query
    cost = litellm.cost_calculator.completion_cost(response)
  File "/gscratch/stf/rpande/lora-context-distillation/.venv/lib/python3.10/site-packages/litellm/cost_calculator.py", line 1163, in completion_cost
    raise e
  File "/gscratch/stf/rpande/lora-context-distillation/.venv/lib/python3.10/site-packages/litellm/cost_calculator.py", line 1156, in completion_cost
    raise e
  File "/gscratch/stf/rpande/lora-context-distillation/.venv/lib/python3.10/site-packages/litellm/cost_calculator.py", line 1095, in completion_cost
    ) = cost_per_token(
  File "/gscratch/stf/rpande/lora-context-distillation/.venv/lib/python3.10/site-packages/litellm/cost_calculator.py", line 407, in cost_per_token
    model_info = _cached_get_model_info_helper(
  File "/gscratch/stf/rpande/lora-context-distillation/.venv/lib/python3.10/site-packages/litellm/utils.py", line 4769, in _cached_get_model_info_helper
    return _get_model_info_helper(model=model, custom_llm_provider=custom_llm_provider)
  File "/gscratch/stf/rpande/lora-context-distillation/.venv/lib/python3.10/site-packages/litellm/utils.py", line 5081, in _get_model_info_helper
    raise Exception(
Exception: This model isn't mapped yet. model=hosted_vllm/Qwen/Qwen3-30B-A3B-Thinking-2507, custom_llm_provider=hosted_vllm. Add it here - https://github.com/BerriAI/litellm/blob/main/model_prices_and_context_window.json.
2026-01-05 01:34:20,489 - minisweagent - INFO - Saved trajectory to 'runs/qwen3-32101988/swe/sphinx-doc__sphinx-8721/sphinx-doc__sphinx-8721.traj.json'
2026-01-05 01:35:48,450 - minisweagent - ERROR - Error processing instance sphinx-doc__sphinx-9229: This model isn't mapped yet. model=hosted_vllm/Qwen/Qwen3-30B-A3B-Thinking-2507, custom_llm_provider=hosted_vllm. Add it here - https://github.com/BerriAI/litellm/blob/main/model_prices_and_context_window.json.
Traceback (most recent call last):
  File "/gscratch/stf/rpande/lora-context-distillation/.venv/lib/python3.10/site-packages/litellm/utils.py", line 4917, in _get_model_info_helper
    raise ValueError(
ValueError: This model isn't mapped yet. Add it here - https://github.com/BerriAI/litellm/blob/main/model_prices_and_context_window.json

During handling of the above exception, another exception occurred:

Traceback (most recent call last):
  File "/gscratch/stf/rpande/lora-context-distillation/.venv/lib/python3.10/site-packages/minisweagent/run/extra/swebench.py", line 152, in process_instance
    exit_status, result = agent.run(task)
  File "/gscratch/stf/rpande/lora-context-distillation/.venv/lib/python3.10/site-packages/minisweagent/agents/default.py", line 81, in run
    self.step()
  File "/gscratch/stf/rpande/lora-context-distillation/.venv/lib/python3.10/site-packages/minisweagent/run/extra/swebench.py", line 66, in step
    return super().step()
  File "/gscratch/stf/rpande/lora-context-distillation/.venv/lib/python3.10/site-packages/minisweagent/agents/default.py", line 90, in step
    return self.get_observation(self.query())
  File "/gscratch/stf/rpande/lora-context-distillation/.venv/lib/python3.10/site-packages/minisweagent/agents/default.py", line 96, in query
    response = self.model.query(self.messages)
  File "/gscratch/stf/rpande/lora-context-distillation/.venv/lib/python3.10/site-packages/minisweagent/models/litellm_model.py", line 70, in query
    cost = litellm.cost_calculator.completion_cost(response)
  File "/gscratch/stf/rpande/lora-context-distillation/.venv/lib/python3.10/site-packages/litellm/cost_calculator.py", line 1163, in completion_cost
    raise e
  File "/gscratch/stf/rpande/lora-context-distillation/.venv/lib/python3.10/site-packages/litellm/cost_calculator.py", line 1156, in completion_cost
    raise e
  File "/gscratch/stf/rpande/lora-context-distillation/.venv/lib/python3.10/site-packages/litellm/cost_calculator.py", line 1095, in completion_cost
    ) = cost_per_token(
  File "/gscratch/stf/rpande/lora-context-distillation/.venv/lib/python3.10/site-packages/litellm/cost_calculator.py", line 407, in cost_per_token
    model_info = _cached_get_model_info_helper(
  File "/gscratch/stf/rpande/lora-context-distillation/.venv/lib/python3.10/site-packages/litellm/utils.py", line 4769, in _cached_get_model_info_helper
    return _get_model_info_helper(model=model, custom_llm_provider=custom_llm_provider)
  File "/gscratch/stf/rpande/lora-context-distillation/.venv/lib/python3.10/site-packages/litellm/utils.py", line 5081, in _get_model_info_helper
    raise Exception(
Exception: This model isn't mapped yet. model=hosted_vllm/Qwen/Qwen3-30B-A3B-Thinking-2507, custom_llm_provider=hosted_vllm. Add it here - https://github.com/BerriAI/litellm/blob/main/model_prices_and_context_window.json.
2026-01-05 01:35:50,109 - minisweagent - INFO - Saved trajectory to 'runs/qwen3-32101988/swe/sphinx-doc__sphinx-9229/sphinx-doc__sphinx-9229.traj.json'
2026-01-05 01:40:26,796 - minisweagent - ERROR - Error processing instance sphinx-doc__sphinx-9230: This model isn't mapped yet. model=hosted_vllm/Qwen/Qwen3-30B-A3B-Thinking-2507, custom_llm_provider=hosted_vllm. Add it here - https://github.com/BerriAI/litellm/blob/main/model_prices_and_context_window.json.
Traceback (most recent call last):
  File "/gscratch/stf/rpande/lora-context-distillation/.venv/lib/python3.10/site-packages/litellm/utils.py", line 4917, in _get_model_info_helper
    raise ValueError(
ValueError: This model isn't mapped yet. Add it here - https://github.com/BerriAI/litellm/blob/main/model_prices_and_context_window.json

During handling of the above exception, another exception occurred:

Traceback (most recent call last):
  File "/gscratch/stf/rpande/lora-context-distillation/.venv/lib/python3.10/site-packages/minisweagent/run/extra/swebench.py", line 152, in process_instance
    exit_status, result = agent.run(task)
  File "/gscratch/stf/rpande/lora-context-distillation/.venv/lib/python3.10/site-packages/minisweagent/agents/default.py", line 81, in run
    self.step()
  File "/gscratch/stf/rpande/lora-context-distillation/.venv/lib/python3.10/site-packages/minisweagent/run/extra/swebench.py", line 66, in step
    return super().step()
  File "/gscratch/stf/rpande/lora-context-distillation/.venv/lib/python3.10/site-packages/minisweagent/agents/default.py", line 90, in step
    return self.get_observation(self.query())
  File "/gscratch/stf/rpande/lora-context-distillation/.venv/lib/python3.10/site-packages/minisweagent/agents/default.py", line 96, in query
    response = self.model.query(self.messages)
  File "/gscratch/stf/rpande/lora-context-distillation/.venv/lib/python3.10/site-packages/minisweagent/models/litellm_model.py", line 70, in query
    cost = litellm.cost_calculator.completion_cost(response)
  File "/gscratch/stf/rpande/lora-context-distillation/.venv/lib/python3.10/site-packages/litellm/cost_calculator.py", line 1163, in completion_cost
    raise e
  File "/gscratch/stf/rpande/lora-context-distillation/.venv/lib/python3.10/site-packages/litellm/cost_calculator.py", line 1156, in completion_cost
    raise e
  File "/gscratch/stf/rpande/lora-context-distillation/.venv/lib/python3.10/site-packages/litellm/cost_calculator.py", line 1095, in completion_cost
    ) = cost_per_token(
  File "/gscratch/stf/rpande/lora-context-distillation/.venv/lib/python3.10/site-packages/litellm/cost_calculator.py", line 407, in cost_per_token
    model_info = _cached_get_model_info_helper(
  File "/gscratch/stf/rpande/lora-context-distillation/.venv/lib/python3.10/site-packages/litellm/utils.py", line 4769, in _cached_get_model_info_helper
    return _get_model_info_helper(model=model, custom_llm_provider=custom_llm_provider)
  File "/gscratch/stf/rpande/lora-context-distillation/.venv/lib/python3.10/site-packages/litellm/utils.py", line 5081, in _get_model_info_helper
    raise Exception(
Exception: This model isn't mapped yet. model=hosted_vllm/Qwen/Qwen3-30B-A3B-Thinking-2507, custom_llm_provider=hosted_vllm. Add it here - https://github.com/BerriAI/litellm/blob/main/model_prices_and_context_window.json.
2026-01-05 01:40:28,941 - minisweagent - INFO - Saved trajectory to 'runs/qwen3-32101988/swe/sphinx-doc__sphinx-9230/sphinx-doc__sphinx-9230.traj.json'
2026-01-05 01:47:20,383 - minisweagent - ERROR - Error processing instance sphinx-doc__sphinx-9281: This model isn't mapped yet. model=hosted_vllm/Qwen/Qwen3-30B-A3B-Thinking-2507, custom_llm_provider=hosted_vllm. Add it here - https://github.com/BerriAI/litellm/blob/main/model_prices_and_context_window.json.
Traceback (most recent call last):
  File "/gscratch/stf/rpande/lora-context-distillation/.venv/lib/python3.10/site-packages/litellm/utils.py", line 4917, in _get_model_info_helper
    raise ValueError(
ValueError: This model isn't mapped yet. Add it here - https://github.com/BerriAI/litellm/blob/main/model_prices_and_context_window.json

During handling of the above exception, another exception occurred:

Traceback (most recent call last):
  File "/gscratch/stf/rpande/lora-context-distillation/.venv/lib/python3.10/site-packages/minisweagent/run/extra/swebench.py", line 152, in process_instance
    exit_status, result = agent.run(task)
  File "/gscratch/stf/rpande/lora-context-distillation/.venv/lib/python3.10/site-packages/minisweagent/agents/default.py", line 81, in run
    self.step()
  File "/gscratch/stf/rpande/lora-context-distillation/.venv/lib/python3.10/site-packages/minisweagent/run/extra/swebench.py", line 66, in step
    return super().step()
  File "/gscratch/stf/rpande/lora-context-distillation/.venv/lib/python3.10/site-packages/minisweagent/agents/default.py", line 90, in step
    return self.get_observation(self.query())
  File "/gscratch/stf/rpande/lora-context-distillation/.venv/lib/python3.10/site-packages/minisweagent/agents/default.py", line 96, in query
    response = self.model.query(self.messages)
  File "/gscratch/stf/rpande/lora-context-distillation/.venv/lib/python3.10/site-packages/minisweagent/models/litellm_model.py", line 70, in query
    cost = litellm.cost_calculator.completion_cost(response)
  File "/gscratch/stf/rpande/lora-context-distillation/.venv/lib/python3.10/site-packages/litellm/cost_calculator.py", line 1163, in completion_cost
    raise e
  File "/gscratch/stf/rpande/lora-context-distillation/.venv/lib/python3.10/site-packages/litellm/cost_calculator.py", line 1156, in completion_cost
    raise e
  File "/gscratch/stf/rpande/lora-context-distillation/.venv/lib/python3.10/site-packages/litellm/cost_calculator.py", line 1095, in completion_cost
    ) = cost_per_token(
  File "/gscratch/stf/rpande/lora-context-distillation/.venv/lib/python3.10/site-packages/litellm/cost_calculator.py", line 407, in cost_per_token
    model_info = _cached_get_model_info_helper(
  File "/gscratch/stf/rpande/lora-context-distillation/.venv/lib/python3.10/site-packages/litellm/utils.py", line 4769, in _cached_get_model_info_helper
    return _get_model_info_helper(model=model, custom_llm_provider=custom_llm_provider)
  File "/gscratch/stf/rpande/lora-context-distillation/.venv/lib/python3.10/site-packages/litellm/utils.py", line 5081, in _get_model_info_helper
    raise Exception(
Exception: This model isn't mapped yet. model=hosted_vllm/Qwen/Qwen3-30B-A3B-Thinking-2507, custom_llm_provider=hosted_vllm. Add it here - https://github.com/BerriAI/litellm/blob/main/model_prices_and_context_window.json.
2026-01-05 01:47:21,578 - minisweagent - INFO - Saved trajectory to 'runs/qwen3-32101988/swe/sphinx-doc__sphinx-9281/sphinx-doc__sphinx-9281.traj.json'
2026-01-05 01:50:40,670 - minisweagent - ERROR - Error processing instance sphinx-doc__sphinx-9320: This model isn't mapped yet. model=hosted_vllm/Qwen/Qwen3-30B-A3B-Thinking-2507, custom_llm_provider=hosted_vllm. Add it here - https://github.com/BerriAI/litellm/blob/main/model_prices_and_context_window.json.
Traceback (most recent call last):
  File "/gscratch/stf/rpande/lora-context-distillation/.venv/lib/python3.10/site-packages/litellm/utils.py", line 4917, in _get_model_info_helper
    raise ValueError(
ValueError: This model isn't mapped yet. Add it here - https://github.com/BerriAI/litellm/blob/main/model_prices_and_context_window.json

During handling of the above exception, another exception occurred:

Traceback (most recent call last):
  File "/gscratch/stf/rpande/lora-context-distillation/.venv/lib/python3.10/site-packages/minisweagent/run/extra/swebench.py", line 152, in process_instance
    exit_status, result = agent.run(task)
  File "/gscratch/stf/rpande/lora-context-distillation/.venv/lib/python3.10/site-packages/minisweagent/agents/default.py", line 81, in run
    self.step()
  File "/gscratch/stf/rpande/lora-context-distillation/.venv/lib/python3.10/site-packages/minisweagent/run/extra/swebench.py", line 66, in step
    return super().step()
  File "/gscratch/stf/rpande/lora-context-distillation/.venv/lib/python3.10/site-packages/minisweagent/agents/default.py", line 90, in step
    return self.get_observation(self.query())
  File "/gscratch/stf/rpande/lora-context-distillation/.venv/lib/python3.10/site-packages/minisweagent/agents/default.py", line 96, in query
    response = self.model.query(self.messages)
  File "/gscratch/stf/rpande/lora-context-distillation/.venv/lib/python3.10/site-packages/minisweagent/models/litellm_model.py", line 70, in query
    cost = litellm.cost_calculator.completion_cost(response)
  File "/gscratch/stf/rpande/lora-context-distillation/.venv/lib/python3.10/site-packages/litellm/cost_calculator.py", line 1163, in completion_cost
    raise e
  File "/gscratch/stf/rpande/lora-context-distillation/.venv/lib/python3.10/site-packages/litellm/cost_calculator.py", line 1156, in completion_cost
    raise e
  File "/gscratch/stf/rpande/lora-context-distillation/.venv/lib/python3.10/site-packages/litellm/cost_calculator.py", line 1095, in completion_cost
    ) = cost_per_token(
  File "/gscratch/stf/rpande/lora-context-distillation/.venv/lib/python3.10/site-packages/litellm/cost_calculator.py", line 407, in cost_per_token
    model_info = _cached_get_model_info_helper(
  File "/gscratch/stf/rpande/lora-context-distillation/.venv/lib/python3.10/site-packages/litellm/utils.py", line 4769, in _cached_get_model_info_helper
    return _get_model_info_helper(model=model, custom_llm_provider=custom_llm_provider)
  File "/gscratch/stf/rpande/lora-context-distillation/.venv/lib/python3.10/site-packages/litellm/utils.py", line 5081, in _get_model_info_helper
    raise Exception(
Exception: This model isn't mapped yet. model=hosted_vllm/Qwen/Qwen3-30B-A3B-Thinking-2507, custom_llm_provider=hosted_vllm. Add it here - https://github.com/BerriAI/litellm/blob/main/model_prices_and_context_window.json.
2026-01-05 01:50:40,712 - minisweagent - INFO - Saved trajectory to 'runs/qwen3-32101988/swe/sphinx-doc__sphinx-9320/sphinx-doc__sphinx-9320.traj.json'
2026-01-05 01:53:56,668 - minisweagent - ERROR - Error processing instance sphinx-doc__sphinx-9367: This model isn't mapped yet. model=hosted_vllm/Qwen/Qwen3-30B-A3B-Thinking-2507, custom_llm_provider=hosted_vllm. Add it here - https://github.com/BerriAI/litellm/blob/main/model_prices_and_context_window.json.
Traceback (most recent call last):
  File "/gscratch/stf/rpande/lora-context-distillation/.venv/lib/python3.10/site-packages/litellm/utils.py", line 4917, in _get_model_info_helper
    raise ValueError(
ValueError: This model isn't mapped yet. Add it here - https://github.com/BerriAI/litellm/blob/main/model_prices_and_context_window.json

During handling of the above exception, another exception occurred:

Traceback (most recent call last):
  File "/gscratch/stf/rpande/lora-context-distillation/.venv/lib/python3.10/site-packages/minisweagent/run/extra/swebench.py", line 152, in process_instance
    exit_status, result = agent.run(task)
  File "/gscratch/stf/rpande/lora-context-distillation/.venv/lib/python3.10/site-packages/minisweagent/agents/default.py", line 81, in run
    self.step()
  File "/gscratch/stf/rpande/lora-context-distillation/.venv/lib/python3.10/site-packages/minisweagent/run/extra/swebench.py", line 66, in step
    return super().step()
  File "/gscratch/stf/rpande/lora-context-distillation/.venv/lib/python3.10/site-packages/minisweagent/agents/default.py", line 90, in step
    return self.get_observation(self.query())
  File "/gscratch/stf/rpande/lora-context-distillation/.venv/lib/python3.10/site-packages/minisweagent/agents/default.py", line 96, in query
    response = self.model.query(self.messages)
  File "/gscratch/stf/rpande/lora-context-distillation/.venv/lib/python3.10/site-packages/minisweagent/models/litellm_model.py", line 70, in query
    cost = litellm.cost_calculator.completion_cost(response)
  File "/gscratch/stf/rpande/lora-context-distillation/.venv/lib/python3.10/site-packages/litellm/cost_calculator.py", line 1163, in completion_cost
    raise e
  File "/gscratch/stf/rpande/lora-context-distillation/.venv/lib/python3.10/site-packages/litellm/cost_calculator.py", line 1156, in completion_cost
    raise e
  File "/gscratch/stf/rpande/lora-context-distillation/.venv/lib/python3.10/site-packages/litellm/cost_calculator.py", line 1095, in completion_cost
    ) = cost_per_token(
  File "/gscratch/stf/rpande/lora-context-distillation/.venv/lib/python3.10/site-packages/litellm/cost_calculator.py", line 407, in cost_per_token
    model_info = _cached_get_model_info_helper(
  File "/gscratch/stf/rpande/lora-context-distillation/.venv/lib/python3.10/site-packages/litellm/utils.py", line 4769, in _cached_get_model_info_helper
    return _get_model_info_helper(model=model, custom_llm_provider=custom_llm_provider)
  File "/gscratch/stf/rpande/lora-context-distillation/.venv/lib/python3.10/site-packages/litellm/utils.py", line 5081, in _get_model_info_helper
    raise Exception(
Exception: This model isn't mapped yet. model=hosted_vllm/Qwen/Qwen3-30B-A3B-Thinking-2507, custom_llm_provider=hosted_vllm. Add it here - https://github.com/BerriAI/litellm/blob/main/model_prices_and_context_window.json.
2026-01-05 01:53:57,728 - minisweagent - INFO - Saved trajectory to 'runs/qwen3-32101988/swe/sphinx-doc__sphinx-9367/sphinx-doc__sphinx-9367.traj.json'
2026-01-05 01:55:33,547 - minisweagent - ERROR - Error processing instance sphinx-doc__sphinx-9461: This model isn't mapped yet. model=hosted_vllm/Qwen/Qwen3-30B-A3B-Thinking-2507, custom_llm_provider=hosted_vllm. Add it here - https://github.com/BerriAI/litellm/blob/main/model_prices_and_context_window.json.
Traceback (most recent call last):
  File "/gscratch/stf/rpande/lora-context-distillation/.venv/lib/python3.10/site-packages/litellm/utils.py", line 4917, in _get_model_info_helper
    raise ValueError(
ValueError: This model isn't mapped yet. Add it here - https://github.com/BerriAI/litellm/blob/main/model_prices_and_context_window.json

During handling of the above exception, another exception occurred:

Traceback (most recent call last):
  File "/gscratch/stf/rpande/lora-context-distillation/.venv/lib/python3.10/site-packages/minisweagent/run/extra/swebench.py", line 152, in process_instance
    exit_status, result = agent.run(task)
  File "/gscratch/stf/rpande/lora-context-distillation/.venv/lib/python3.10/site-packages/minisweagent/agents/default.py", line 81, in run
    self.step()
  File "/gscratch/stf/rpande/lora-context-distillation/.venv/lib/python3.10/site-packages/minisweagent/run/extra/swebench.py", line 66, in step
    return super().step()
  File "/gscratch/stf/rpande/lora-context-distillation/.venv/lib/python3.10/site-packages/minisweagent/agents/default.py", line 90, in step
    return self.get_observation(self.query())
  File "/gscratch/stf/rpande/lora-context-distillation/.venv/lib/python3.10/site-packages/minisweagent/agents/default.py", line 96, in query
    response = self.model.query(self.messages)
  File "/gscratch/stf/rpande/lora-context-distillation/.venv/lib/python3.10/site-packages/minisweagent/models/litellm_model.py", line 70, in query
    cost = litellm.cost_calculator.completion_cost(response)
  File "/gscratch/stf/rpande/lora-context-distillation/.venv/lib/python3.10/site-packages/litellm/cost_calculator.py", line 1163, in completion_cost
    raise e
  File "/gscratch/stf/rpande/lora-context-distillation/.venv/lib/python3.10/site-packages/litellm/cost_calculator.py", line 1156, in completion_cost
    raise e
  File "/gscratch/stf/rpande/lora-context-distillation/.venv/lib/python3.10/site-packages/litellm/cost_calculator.py", line 1095, in completion_cost
    ) = cost_per_token(
  File "/gscratch/stf/rpande/lora-context-distillation/.venv/lib/python3.10/site-packages/litellm/cost_calculator.py", line 407, in cost_per_token
    model_info = _cached_get_model_info_helper(
  File "/gscratch/stf/rpande/lora-context-distillation/.venv/lib/python3.10/site-packages/litellm/utils.py", line 4769, in _cached_get_model_info_helper
    return _get_model_info_helper(model=model, custom_llm_provider=custom_llm_provider)
  File "/gscratch/stf/rpande/lora-context-distillation/.venv/lib/python3.10/site-packages/litellm/utils.py", line 5081, in _get_model_info_helper
    raise Exception(
Exception: This model isn't mapped yet. model=hosted_vllm/Qwen/Qwen3-30B-A3B-Thinking-2507, custom_llm_provider=hosted_vllm. Add it here - https://github.com/BerriAI/litellm/blob/main/model_prices_and_context_window.json.
2026-01-05 01:55:35,183 - minisweagent - INFO - Saved trajectory to 'runs/qwen3-32101988/swe/sphinx-doc__sphinx-9461/sphinx-doc__sphinx-9461.traj.json'
2026-01-05 02:01:51,721 - minisweagent - ERROR - Error processing instance sphinx-doc__sphinx-9698: This model isn't mapped yet. model=hosted_vllm/Qwen/Qwen3-30B-A3B-Thinking-2507, custom_llm_provider=hosted_vllm. Add it here - https://github.com/BerriAI/litellm/blob/main/model_prices_and_context_window.json.
Traceback (most recent call last):
  File "/gscratch/stf/rpande/lora-context-distillation/.venv/lib/python3.10/site-packages/litellm/utils.py", line 4917, in _get_model_info_helper
    raise ValueError(
ValueError: This model isn't mapped yet. Add it here - https://github.com/BerriAI/litellm/blob/main/model_prices_and_context_window.json

During handling of the above exception, another exception occurred:

Traceback (most recent call last):
  File "/gscratch/stf/rpande/lora-context-distillation/.venv/lib/python3.10/site-packages/minisweagent/run/extra/swebench.py", line 152, in process_instance
    exit_status, result = agent.run(task)
  File "/gscratch/stf/rpande/lora-context-distillation/.venv/lib/python3.10/site-packages/minisweagent/agents/default.py", line 81, in run
    self.step()
  File "/gscratch/stf/rpande/lora-context-distillation/.venv/lib/python3.10/site-packages/minisweagent/run/extra/swebench.py", line 66, in step
    return super().step()
  File "/gscratch/stf/rpande/lora-context-distillation/.venv/lib/python3.10/site-packages/minisweagent/agents/default.py", line 90, in step
    return self.get_observation(self.query())
  File "/gscratch/stf/rpande/lora-context-distillation/.venv/lib/python3.10/site-packages/minisweagent/agents/default.py", line 96, in query
    response = self.model.query(self.messages)
  File "/gscratch/stf/rpande/lora-context-distillation/.venv/lib/python3.10/site-packages/minisweagent/models/litellm_model.py", line 70, in query
    cost = litellm.cost_calculator.completion_cost(response)
  File "/gscratch/stf/rpande/lora-context-distillation/.venv/lib/python3.10/site-packages/litellm/cost_calculator.py", line 1163, in completion_cost
    raise e
  File "/gscratch/stf/rpande/lora-context-distillation/.venv/lib/python3.10/site-packages/litellm/cost_calculator.py", line 1156, in completion_cost
    raise e
  File "/gscratch/stf/rpande/lora-context-distillation/.venv/lib/python3.10/site-packages/litellm/cost_calculator.py", line 1095, in completion_cost
    ) = cost_per_token(
  File "/gscratch/stf/rpande/lora-context-distillation/.venv/lib/python3.10/site-packages/litellm/cost_calculator.py", line 407, in cost_per_token
    model_info = _cached_get_model_info_helper(
  File "/gscratch/stf/rpande/lora-context-distillation/.venv/lib/python3.10/site-packages/litellm/utils.py", line 4769, in _cached_get_model_info_helper
    return _get_model_info_helper(model=model, custom_llm_provider=custom_llm_provider)
  File "/gscratch/stf/rpande/lora-context-distillation/.venv/lib/python3.10/site-packages/litellm/utils.py", line 5081, in _get_model_info_helper
    raise Exception(
Exception: This model isn't mapped yet. model=hosted_vllm/Qwen/Qwen3-30B-A3B-Thinking-2507, custom_llm_provider=hosted_vllm. Add it here - https://github.com/BerriAI/litellm/blob/main/model_prices_and_context_window.json.
2026-01-05 02:01:51,755 - minisweagent - INFO - Saved trajectory to 'runs/qwen3-32101988/swe/sphinx-doc__sphinx-9698/sphinx-doc__sphinx-9698.traj.json'
