no checksums to verify
installing to /gscratch/stf/rpande/lora-context-distillation/bin
  uv
  uvx
everything's installed!
uv 0.9.21
CUDA OK - devices: 2
8000 Qwen/Qwen3-30B-A3B-Thinking-2507
vllm not initialized yet, starting
vLLM ready
👋 This is mini-swe-agent version 1.14.4.
Loading global config from '/mmfs1/home/rpande/.config/mini-swe-agent/.env'
minisweagent: INFO: Results will be saved to runs/qwen3-32101988/swe            
Logging to 'runs/qwen3-32101988/swe/minisweagent.log'
minisweagent: INFO: Loading dataset MariusHobbhahn/SWE-bench-verified-mini,     
split test...                                                                   
minisweagent: INFO: Running on 50 instances...                                  
minisweagent: INFO: Loading agent config from 'conf/mini_qwen_thinking.yaml'    
minisweagent: ERROR: Error processing instance django__django-11790: This model 
isn't mapped yet. model=hosted_vllm/Qwen/Qwen3-30B-A3B-Thinking-2507,           
custom_llm_provider=hosted_vllm. Add it here -                                  
https://github.com/BerriAI/litellm/blob/main/model_prices_and_context_window.jso
n.                                                                              
Traceback (most recent call last):                                              
  File                                                                          
"/gscratch/stf/rpande/lora-context-distillation/.venv/lib/python3.10/site-packag
es/litellm/utils.py", line 4917, in _get_model_info_helper                      
    raise ValueError(                                                           
ValueError: This model isn't mapped yet. Add it here -                          
https://github.com/BerriAI/litellm/blob/main/model_prices_and_context_window.jso
n                                                                               
                                                                                
During handling of the above exception, another exception occurred:             
                                                                                
Traceback (most recent call last):                                              
  File                                                                          
"/gscratch/stf/rpande/lora-context-distillation/.venv/lib/python3.10/site-packag
es/minisweagent/run/extra/swebench.py", line 152, in process_instance           
    exit_status, result = agent.run(task)                                       
  File                                                                          
"/gscratch/stf/rpande/lora-context-distillation/.venv/lib/python3.10/site-packag
es/minisweagent/agents/default.py", line 81, in run                             
    self.step()                                                                 
  File                                                                          
"/gscratch/stf/rpande/lora-context-distillation/.venv/lib/python3.10/site-packag
es/minisweagent/run/extra/swebench.py", line 66, in step                        
    return super().step()                                                       
  File                                                                          
"/gscratch/stf/rpande/lora-context-distillation/.venv/lib/python3.10/site-packag
es/minisweagent/agents/default.py", line 90, in step                            
    return self.get_observation(self.query())                                   
  File                                                                          
"/gscratch/stf/rpande/lora-context-distillation/.venv/lib/python3.10/site-packag
es/minisweagent/agents/default.py", line 96, in query                           
    response = self.model.query(self.messages)                                  
  File                                                                          
"/gscratch/stf/rpande/lora-context-distillation/.venv/lib/python3.10/site-packag
es/minisweagent/models/litellm_model.py", line 70, in query                     
    cost = litellm.cost_calculator.completion_cost(response)                    
  File                                                                          
"/gscratch/stf/rpande/lora-context-distillation/.venv/lib/python3.10/site-packag
es/litellm/cost_calculator.py", line 1163, in completion_cost                   
    raise e                                                                     
  File                                                                          
"/gscratch/stf/rpande/lora-context-distillation/.venv/lib/python3.10/site-packag
es/litellm/cost_calculator.py", line 1156, in completion_cost                   
    raise e                                                                     
  File                                                                          
"/gscratch/stf/rpande/lora-context-distillation/.venv/lib/python3.10/site-packag
es/litellm/cost_calculator.py", line 1095, in completion_cost                   
    ) = cost_per_token(                                                         
  File                                                                          
"/gscratch/stf/rpande/lora-context-distillation/.venv/lib/python3.10/site-packag
es/litellm/cost_calculator.py", line 407, in cost_per_token                     
    model_info = _cached_get_model_info_helper(                                 
  File                                                                          
"/gscratch/stf/rpande/lora-context-distillation/.venv/lib/python3.10/site-packag
es/litellm/utils.py", line 4769, in _cached_get_model_info_helper               
    return _get_model_info_helper(model=model,                                  
custom_llm_provider=custom_llm_provider)                                        
  File                                                                          
"/gscratch/stf/rpande/lora-context-distillation/.venv/lib/python3.10/site-packag
es/litellm/utils.py", line 5081, in _get_model_info_helper                      
    raise Exception(                                                            
Exception: This model isn't mapped yet.                                         
model=hosted_vllm/Qwen/Qwen3-30B-A3B-Thinking-2507,                             
custom_llm_provider=hosted_vllm. Add it here -                                  
https://github.com/BerriAI/litellm/blob/main/model_prices_and_context_window.jso
n.                                                                              
minisweagent: INFO: Saved trajectory to                                         
'runs/qwen3-32101988/swe/django__django-11790/django__django-11790.traj.json'   
minisweagent: ERROR: Error processing instance django__django-11815: This model 
isn't mapped yet. model=hosted_vllm/Qwen/Qwen3-30B-A3B-Thinking-2507,           
custom_llm_provider=hosted_vllm. Add it here -                                  
https://github.com/BerriAI/litellm/blob/main/model_prices_and_context_window.jso
n.                                                                              
Traceback (most recent call last):                                              
  File                                                                          
"/gscratch/stf/rpande/lora-context-distillation/.venv/lib/python3.10/site-packag
es/litellm/utils.py", line 4917, in _get_model_info_helper                      
    raise ValueError(                                                           
ValueError: This model isn't mapped yet. Add it here -                          
https://github.com/BerriAI/litellm/blob/main/model_prices_and_context_window.jso
n                                                                               
                                                                                
During handling of the above exception, another exception occurred:             
                                                                                
Traceback (most recent call last):                                              
  File                                                                          
"/gscratch/stf/rpande/lora-context-distillation/.venv/lib/python3.10/site-packag
es/minisweagent/run/extra/swebench.py", line 152, in process_instance           
    exit_status, result = agent.run(task)                                       
  File                                                                          
"/gscratch/stf/rpande/lora-context-distillation/.venv/lib/python3.10/site-packag
es/minisweagent/agents/default.py", line 81, in run                             
    self.step()                                                                 
  File                                                                          
"/gscratch/stf/rpande/lora-context-distillation/.venv/lib/python3.10/site-packag
es/minisweagent/run/extra/swebench.py", line 66, in step                        
    return super().step()                                                       
  File                                                                          
"/gscratch/stf/rpande/lora-context-distillation/.venv/lib/python3.10/site-packag
es/minisweagent/agents/default.py", line 90, in step                            
    return self.get_observation(self.query())                                   
  File                                                                          
"/gscratch/stf/rpande/lora-context-distillation/.venv/lib/python3.10/site-packag
es/minisweagent/agents/default.py", line 96, in query                           
    response = self.model.query(self.messages)                                  
  File                                                                          
"/gscratch/stf/rpande/lora-context-distillation/.venv/lib/python3.10/site-packag
es/minisweagent/models/litellm_model.py", line 70, in query                     
    cost = litellm.cost_calculator.completion_cost(response)                    
  File                                                                          
"/gscratch/stf/rpande/lora-context-distillation/.venv/lib/python3.10/site-packag
es/litellm/cost_calculator.py", line 1163, in completion_cost                   
    raise e                                                                     
  File                                                                          
"/gscratch/stf/rpande/lora-context-distillation/.venv/lib/python3.10/site-packag
es/litellm/cost_calculator.py", line 1156, in completion_cost                   
    raise e                                                                     
  File                                                                          
"/gscratch/stf/rpande/lora-context-distillation/.venv/lib/python3.10/site-packag
es/litellm/cost_calculator.py", line 1095, in completion_cost                   
    ) = cost_per_token(                                                         
  File                                                                          
"/gscratch/stf/rpande/lora-context-distillation/.venv/lib/python3.10/site-packag
es/litellm/cost_calculator.py", line 407, in cost_per_token                     
    model_info = _cached_get_model_info_helper(                                 
  File                                                                          
"/gscratch/stf/rpande/lora-context-distillation/.venv/lib/python3.10/site-packag
es/litellm/utils.py", line 4769, in _cached_get_model_info_helper               
    return _get_model_info_helper(model=model,                                  
custom_llm_provider=custom_llm_provider)                                        
  File                                                                          
"/gscratch/stf/rpande/lora-context-distillation/.venv/lib/python3.10/site-packag
es/litellm/utils.py", line 5081, in _get_model_info_helper                      
    raise Exception(                                                            
Exception: This model isn't mapped yet.                                         
model=hosted_vllm/Qwen/Qwen3-30B-A3B-Thinking-2507,                             
custom_llm_provider=hosted_vllm. Add it here -                                  
https://github.com/BerriAI/litellm/blob/main/model_prices_and_context_window.jso
n.                                                                              
minisweagent: INFO: Saved trajectory to                                         
'runs/qwen3-32101988/swe/django__django-11815/django__django-11815.traj.json'   
minisweagent: ERROR: Error processing instance django__django-11848: This model 
isn't mapped yet. model=hosted_vllm/Qwen/Qwen3-30B-A3B-Thinking-2507,           
custom_llm_provider=hosted_vllm. Add it here -                                  
https://github.com/BerriAI/litellm/blob/main/model_prices_and_context_window.jso
n.                                                                              
Traceback (most recent call last):                                              
  File                                                                          
"/gscratch/stf/rpande/lora-context-distillation/.venv/lib/python3.10/site-packag
es/litellm/utils.py", line 4917, in _get_model_info_helper                      
    raise ValueError(                                                           
ValueError: This model isn't mapped yet. Add it here -                          
https://github.com/BerriAI/litellm/blob/main/model_prices_and_context_window.jso
n                                                                               
                                                                                
During handling of the above exception, another exception occurred:             
                                                                                
Traceback (most recent call last):                                              
  File                                                                          
"/gscratch/stf/rpande/lora-context-distillation/.venv/lib/python3.10/site-packag
es/minisweagent/run/extra/swebench.py", line 152, in process_instance           
    exit_status, result = agent.run(task)                                       
  File                                                                          
"/gscratch/stf/rpande/lora-context-distillation/.venv/lib/python3.10/site-packag
es/minisweagent/agents/default.py", line 81, in run                             
    self.step()                                                                 
  File                                                                          
"/gscratch/stf/rpande/lora-context-distillation/.venv/lib/python3.10/site-packag
es/minisweagent/run/extra/swebench.py", line 66, in step                        
    return super().step()                                                       
  File                                                                          
"/gscratch/stf/rpande/lora-context-distillation/.venv/lib/python3.10/site-packag
es/minisweagent/agents/default.py", line 90, in step                            
    return self.get_observation(self.query())                                   
  File                                                                          
"/gscratch/stf/rpande/lora-context-distillation/.venv/lib/python3.10/site-packag
es/minisweagent/agents/default.py", line 96, in query                           
    response = self.model.query(self.messages)                                  
  File                                                                          
"/gscratch/stf/rpande/lora-context-distillation/.venv/lib/python3.10/site-packag
es/minisweagent/models/litellm_model.py", line 70, in query                     
    cost = litellm.cost_calculator.completion_cost(response)                    
  File                                                                          
"/gscratch/stf/rpande/lora-context-distillation/.venv/lib/python3.10/site-packag
es/litellm/cost_calculator.py", line 1163, in completion_cost                   
    raise e                                                                     
  File                                                                          
"/gscratch/stf/rpande/lora-context-distillation/.venv/lib/python3.10/site-packag
es/litellm/cost_calculator.py", line 1156, in completion_cost                   
    raise e                                                                     
  File                                                                          
"/gscratch/stf/rpande/lora-context-distillation/.venv/lib/python3.10/site-packag
es/litellm/cost_calculator.py", line 1095, in completion_cost                   
    ) = cost_per_token(                                                         
  File                                                                          
"/gscratch/stf/rpande/lora-context-distillation/.venv/lib/python3.10/site-packag
es/litellm/cost_calculator.py", line 407, in cost_per_token                     
    model_info = _cached_get_model_info_helper(                                 
  File                                                                          
"/gscratch/stf/rpande/lora-context-distillation/.venv/lib/python3.10/site-packag
es/litellm/utils.py", line 4769, in _cached_get_model_info_helper               
    return _get_model_info_helper(model=model,                                  
custom_llm_provider=custom_llm_provider)                                        
  File                                                                          
"/gscratch/stf/rpande/lora-context-distillation/.venv/lib/python3.10/site-packag
es/litellm/utils.py", line 5081, in _get_model_info_helper                      
    raise Exception(                                                            
Exception: This model isn't mapped yet.                                         
model=hosted_vllm/Qwen/Qwen3-30B-A3B-Thinking-2507,                             
custom_llm_provider=hosted_vllm. Add it here -                                  
https://github.com/BerriAI/litellm/blob/main/model_prices_and_context_window.jso
n.                                                                              
minisweagent: INFO: Saved trajectory to                                         
'runs/qwen3-32101988/swe/django__django-11848/django__django-11848.traj.json'   
minisweagent: ERROR: Error processing instance django__django-11880: This model 
isn't mapped yet. model=hosted_vllm/Qwen/Qwen3-30B-A3B-Thinking-2507,           
custom_llm_provider=hosted_vllm. Add it here -                                  
https://github.com/BerriAI/litellm/blob/main/model_prices_and_context_window.jso
n.                                                                              
Traceback (most recent call last):                                              
  File                                                                          
"/gscratch/stf/rpande/lora-context-distillation/.venv/lib/python3.10/site-packag
es/litellm/utils.py", line 4917, in _get_model_info_helper                      
    raise ValueError(                                                           
ValueError: This model isn't mapped yet. Add it here -                          
https://github.com/BerriAI/litellm/blob/main/model_prices_and_context_window.jso
n                                                                               
                                                                                
During handling of the above exception, another exception occurred:             
                                                                                
Traceback (most recent call last):                                              
  File                                                                          
"/gscratch/stf/rpande/lora-context-distillation/.venv/lib/python3.10/site-packag
es/minisweagent/run/extra/swebench.py", line 152, in process_instance           
    exit_status, result = agent.run(task)                                       
  File                                                                          
"/gscratch/stf/rpande/lora-context-distillation/.venv/lib/python3.10/site-packag
es/minisweagent/agents/default.py", line 81, in run                             
    self.step()                                                                 
  File                                                                          
"/gscratch/stf/rpande/lora-context-distillation/.venv/lib/python3.10/site-packag
es/minisweagent/run/extra/swebench.py", line 66, in step                        
    return super().step()                                                       
  File                                                                          
"/gscratch/stf/rpande/lora-context-distillation/.venv/lib/python3.10/site-packag
es/minisweagent/agents/default.py", line 90, in step                            
    return self.get_observation(self.query())                                   
  File                                                                          
"/gscratch/stf/rpande/lora-context-distillation/.venv/lib/python3.10/site-packag
es/minisweagent/agents/default.py", line 96, in query                           
    response = self.model.query(self.messages)                                  
  File                                                                          
"/gscratch/stf/rpande/lora-context-distillation/.venv/lib/python3.10/site-packag
es/minisweagent/models/litellm_model.py", line 70, in query                     
    cost = litellm.cost_calculator.completion_cost(response)                    
  File                                                                          
"/gscratch/stf/rpande/lora-context-distillation/.venv/lib/python3.10/site-packag
es/litellm/cost_calculator.py", line 1163, in completion_cost                   
    raise e                                                                     
  File                                                                          
"/gscratch/stf/rpande/lora-context-distillation/.venv/lib/python3.10/site-packag
es/litellm/cost_calculator.py", line 1156, in completion_cost                   
    raise e                                                                     
  File                                                                          
"/gscratch/stf/rpande/lora-context-distillation/.venv/lib/python3.10/site-packag
es/litellm/cost_calculator.py", line 1095, in completion_cost                   
    ) = cost_per_token(                                                         
  File                                                                          
"/gscratch/stf/rpande/lora-context-distillation/.venv/lib/python3.10/site-packag
es/litellm/cost_calculator.py", line 407, in cost_per_token                     
    model_info = _cached_get_model_info_helper(                                 
  File                                                                          
"/gscratch/stf/rpande/lora-context-distillation/.venv/lib/python3.10/site-packag
es/litellm/utils.py", line 4769, in _cached_get_model_info_helper               
    return _get_model_info_helper(model=model,                                  
custom_llm_provider=custom_llm_provider)                                        
  File                                                                          
"/gscratch/stf/rpande/lora-context-distillation/.venv/lib/python3.10/site-packag
es/litellm/utils.py", line 5081, in _get_model_info_helper                      
    raise Exception(                                                            
Exception: This model isn't mapped yet.                                         
model=hosted_vllm/Qwen/Qwen3-30B-A3B-Thinking-2507,                             
custom_llm_provider=hosted_vllm. Add it here -                                  
https://github.com/BerriAI/litellm/blob/main/model_prices_and_context_window.jso
n.                                                                              
minisweagent: INFO: Saved trajectory to                                         
'runs/qwen3-32101988/swe/django__django-11880/django__django-11880.traj.json'   
minisweagent: ERROR: Error processing instance django__django-11885: This model 
isn't mapped yet. model=hosted_vllm/Qwen/Qwen3-30B-A3B-Thinking-2507,           
custom_llm_provider=hosted_vllm. Add it here -                                  
https://github.com/BerriAI/litellm/blob/main/model_prices_and_context_window.jso
n.                                                                              
Traceback (most recent call last):                                              
  File                                                                          
"/gscratch/stf/rpande/lora-context-distillation/.venv/lib/python3.10/site-packag
es/litellm/utils.py", line 4917, in _get_model_info_helper                      
    raise ValueError(                                                           
ValueError: This model isn't mapped yet. Add it here -                          
https://github.com/BerriAI/litellm/blob/main/model_prices_and_context_window.jso
n                                                                               
                                                                                
During handling of the above exception, another exception occurred:             
                                                                                
Traceback (most recent call last):                                              
  File                                                                          
"/gscratch/stf/rpande/lora-context-distillation/.venv/lib/python3.10/site-packag
es/minisweagent/run/extra/swebench.py", line 152, in process_instance           
    exit_status, result = agent.run(task)                                       
  File                                                                          
"/gscratch/stf/rpande/lora-context-distillation/.venv/lib/python3.10/site-packag
es/minisweagent/agents/default.py", line 81, in run                             
    self.step()                                                                 
  File                                                                          
"/gscratch/stf/rpande/lora-context-distillation/.venv/lib/python3.10/site-packag
es/minisweagent/run/extra/swebench.py", line 66, in step                        
    return super().step()                                                       
  File                                                                          
"/gscratch/stf/rpande/lora-context-distillation/.venv/lib/python3.10/site-packag
es/minisweagent/agents/default.py", line 90, in step                            
    return self.get_observation(self.query())                                   
  File                                                                          
"/gscratch/stf/rpande/lora-context-distillation/.venv/lib/python3.10/site-packag
es/minisweagent/agents/default.py", line 96, in query                           
    response = self.model.query(self.messages)                                  
  File                                                                          
"/gscratch/stf/rpande/lora-context-distillation/.venv/lib/python3.10/site-packag
es/minisweagent/models/litellm_model.py", line 70, in query                     
    cost = litellm.cost_calculator.completion_cost(response)                    
  File                                                                          
"/gscratch/stf/rpande/lora-context-distillation/.venv/lib/python3.10/site-packag
es/litellm/cost_calculator.py", line 1163, in completion_cost                   
    raise e                                                                     
  File                                                                          
"/gscratch/stf/rpande/lora-context-distillation/.venv/lib/python3.10/site-packag
es/litellm/cost_calculator.py", line 1156, in completion_cost                   
    raise e                                                                     
  File                                                                          
"/gscratch/stf/rpande/lora-context-distillation/.venv/lib/python3.10/site-packag
es/litellm/cost_calculator.py", line 1095, in completion_cost                   
    ) = cost_per_token(                                                         
  File                                                                          
"/gscratch/stf/rpande/lora-context-distillation/.venv/lib/python3.10/site-packag
es/litellm/cost_calculator.py", line 407, in cost_per_token                     
    model_info = _cached_get_model_info_helper(                                 
  File                                                                          
"/gscratch/stf/rpande/lora-context-distillation/.venv/lib/python3.10/site-packag
es/litellm/utils.py", line 4769, in _cached_get_model_info_helper               
    return _get_model_info_helper(model=model,                                  
custom_llm_provider=custom_llm_provider)                                        
  File                                                                          
"/gscratch/stf/rpande/lora-context-distillation/.venv/lib/python3.10/site-packag
es/litellm/utils.py", line 5081, in _get_model_info_helper                      
    raise Exception(                                                            
Exception: This model isn't mapped yet.                                         
model=hosted_vllm/Qwen/Qwen3-30B-A3B-Thinking-2507,                             
custom_llm_provider=hosted_vllm. Add it here -                                  
https://github.com/BerriAI/litellm/blob/main/model_prices_and_context_window.jso
n.                                                                              
minisweagent: INFO: Saved trajectory to                                         
'runs/qwen3-32101988/swe/django__django-11885/django__django-11885.traj.json'   
minisweagent: ERROR: Error processing instance django__django-11951: This model 
isn't mapped yet. model=hosted_vllm/Qwen/Qwen3-30B-A3B-Thinking-2507,           
custom_llm_provider=hosted_vllm. Add it here -                                  
https://github.com/BerriAI/litellm/blob/main/model_prices_and_context_window.jso
n.                                                                              
Traceback (most recent call last):                                              
  File                                                                          
"/gscratch/stf/rpande/lora-context-distillation/.venv/lib/python3.10/site-packag
es/litellm/utils.py", line 4917, in _get_model_info_helper                      
    raise ValueError(                                                           
ValueError: This model isn't mapped yet. Add it here -                          
https://github.com/BerriAI/litellm/blob/main/model_prices_and_context_window.jso
n                                                                               
                                                                                
During handling of the above exception, another exception occurred:             
                                                                                
Traceback (most recent call last):                                              
  File                                                                          
"/gscratch/stf/rpande/lora-context-distillation/.venv/lib/python3.10/site-packag
es/minisweagent/run/extra/swebench.py", line 152, in process_instance           
    exit_status, result = agent.run(task)                                       
  File                                                                          
"/gscratch/stf/rpande/lora-context-distillation/.venv/lib/python3.10/site-packag
es/minisweagent/agents/default.py", line 81, in run                             
    self.step()                                                                 
  File                                                                          
"/gscratch/stf/rpande/lora-context-distillation/.venv/lib/python3.10/site-packag
es/minisweagent/run/extra/swebench.py", line 66, in step                        
    return super().step()                                                       
  File                                                                          
"/gscratch/stf/rpande/lora-context-distillation/.venv/lib/python3.10/site-packag
es/minisweagent/agents/default.py", line 90, in step                            
    return self.get_observation(self.query())                                   
  File                                                                          
"/gscratch/stf/rpande/lora-context-distillation/.venv/lib/python3.10/site-packag
es/minisweagent/agents/default.py", line 96, in query                           
    response = self.model.query(self.messages)                                  
  File                                                                          
"/gscratch/stf/rpande/lora-context-distillation/.venv/lib/python3.10/site-packag
es/minisweagent/models/litellm_model.py", line 70, in query                     
    cost = litellm.cost_calculator.completion_cost(response)                    
  File                                                                          
"/gscratch/stf/rpande/lora-context-distillation/.venv/lib/python3.10/site-packag
es/litellm/cost_calculator.py", line 1163, in completion_cost                   
    raise e                                                                     
  File                                                                          
"/gscratch/stf/rpande/lora-context-distillation/.venv/lib/python3.10/site-packag
es/litellm/cost_calculator.py", line 1156, in completion_cost                   
    raise e                                                                     
  File                                                                          
"/gscratch/stf/rpande/lora-context-distillation/.venv/lib/python3.10/site-packag
es/litellm/cost_calculator.py", line 1095, in completion_cost                   
    ) = cost_per_token(                                                         
  File                                                                          
"/gscratch/stf/rpande/lora-context-distillation/.venv/lib/python3.10/site-packag
es/litellm/cost_calculator.py", line 407, in cost_per_token                     
    model_info = _cached_get_model_info_helper(                                 
  File                                                                          
"/gscratch/stf/rpande/lora-context-distillation/.venv/lib/python3.10/site-packag
es/litellm/utils.py", line 4769, in _cached_get_model_info_helper               
    return _get_model_info_helper(model=model,                                  
custom_llm_provider=custom_llm_provider)                                        
  File                                                                          
"/gscratch/stf/rpande/lora-context-distillation/.venv/lib/python3.10/site-packag
es/litellm/utils.py", line 5081, in _get_model_info_helper                      
    raise Exception(                                                            
Exception: This model isn't mapped yet.                                         
model=hosted_vllm/Qwen/Qwen3-30B-A3B-Thinking-2507,                             
custom_llm_provider=hosted_vllm. Add it here -                                  
https://github.com/BerriAI/litellm/blob/main/model_prices_and_context_window.jso
n.                                                                              
minisweagent: INFO: Saved trajectory to                                         
'runs/qwen3-32101988/swe/django__django-11951/django__django-11951.traj.json'   
minisweagent: ERROR: Error processing instance django__django-11964: This model 
isn't mapped yet. model=hosted_vllm/Qwen/Qwen3-30B-A3B-Thinking-2507,           
custom_llm_provider=hosted_vllm. Add it here -                                  
https://github.com/BerriAI/litellm/blob/main/model_prices_and_context_window.jso
n.                                                                              
Traceback (most recent call last):                                              
  File                                                                          
"/gscratch/stf/rpande/lora-context-distillation/.venv/lib/python3.10/site-packag
es/litellm/utils.py", line 4917, in _get_model_info_helper                      
    raise ValueError(                                                           
ValueError: This model isn't mapped yet. Add it here -                          
https://github.com/BerriAI/litellm/blob/main/model_prices_and_context_window.jso
n                                                                               
                                                                                
During handling of the above exception, another exception occurred:             
                                                                                
Traceback (most recent call last):                                              
  File                                                                          
"/gscratch/stf/rpande/lora-context-distillation/.venv/lib/python3.10/site-packag
es/minisweagent/run/extra/swebench.py", line 152, in process_instance           
    exit_status, result = agent.run(task)                                       
  File                                                                          
"/gscratch/stf/rpande/lora-context-distillation/.venv/lib/python3.10/site-packag
es/minisweagent/agents/default.py", line 81, in run                             
    self.step()                                                                 
  File                                                                          
"/gscratch/stf/rpande/lora-context-distillation/.venv/lib/python3.10/site-packag
es/minisweagent/run/extra/swebench.py", line 66, in step                        
    return super().step()                                                       
  File                                                                          
"/gscratch/stf/rpande/lora-context-distillation/.venv/lib/python3.10/site-packag
es/minisweagent/agents/default.py", line 90, in step                            
    return self.get_observation(self.query())                                   
  File                                                                          
"/gscratch/stf/rpande/lora-context-distillation/.venv/lib/python3.10/site-packag
es/minisweagent/agents/default.py", line 96, in query                           
    response = self.model.query(self.messages)                                  
  File                                                                          
"/gscratch/stf/rpande/lora-context-distillation/.venv/lib/python3.10/site-packag
es/minisweagent/models/litellm_model.py", line 70, in query                     
    cost = litellm.cost_calculator.completion_cost(response)                    
  File                                                                          
"/gscratch/stf/rpande/lora-context-distillation/.venv/lib/python3.10/site-packag
es/litellm/cost_calculator.py", line 1163, in completion_cost                   
    raise e                                                                     
  File                                                                          
"/gscratch/stf/rpande/lora-context-distillation/.venv/lib/python3.10/site-packag
es/litellm/cost_calculator.py", line 1156, in completion_cost                   
    raise e                                                                     
  File                                                                          
"/gscratch/stf/rpande/lora-context-distillation/.venv/lib/python3.10/site-packag
es/litellm/cost_calculator.py", line 1095, in completion_cost                   
    ) = cost_per_token(                                                         
  File                                                                          
"/gscratch/stf/rpande/lora-context-distillation/.venv/lib/python3.10/site-packag
es/litellm/cost_calculator.py", line 407, in cost_per_token                     
    model_info = _cached_get_model_info_helper(                                 
  File                                                                          
"/gscratch/stf/rpande/lora-context-distillation/.venv/lib/python3.10/site-packag
es/litellm/utils.py", line 4769, in _cached_get_model_info_helper               
    return _get_model_info_helper(model=model,                                  
custom_llm_provider=custom_llm_provider)                                        
  File                                                                          
"/gscratch/stf/rpande/lora-context-distillation/.venv/lib/python3.10/site-packag
es/litellm/utils.py", line 5081, in _get_model_info_helper                      
    raise Exception(                                                            
Exception: This model isn't mapped yet.                                         
model=hosted_vllm/Qwen/Qwen3-30B-A3B-Thinking-2507,                             
custom_llm_provider=hosted_vllm. Add it here -                                  
https://github.com/BerriAI/litellm/blob/main/model_prices_and_context_window.jso
n.                                                                              
minisweagent: INFO: Saved trajectory to                                         
'runs/qwen3-32101988/swe/django__django-11964/django__django-11964.traj.json'   
minisweagent: ERROR: Error processing instance django__django-11999: This model 
isn't mapped yet. model=hosted_vllm/Qwen/Qwen3-30B-A3B-Thinking-2507,           
custom_llm_provider=hosted_vllm. Add it here -                                  
https://github.com/BerriAI/litellm/blob/main/model_prices_and_context_window.jso
n.                                                                              
Traceback (most recent call last):                                              
  File                                                                          
"/gscratch/stf/rpande/lora-context-distillation/.venv/lib/python3.10/site-packag
es/litellm/utils.py", line 4917, in _get_model_info_helper                      
    raise ValueError(                                                           
ValueError: This model isn't mapped yet. Add it here -                          
https://github.com/BerriAI/litellm/blob/main/model_prices_and_context_window.jso
n                                                                               
                                                                                
During handling of the above exception, another exception occurred:             
                                                                                
Traceback (most recent call last):                                              
  File                                                                          
"/gscratch/stf/rpande/lora-context-distillation/.venv/lib/python3.10/site-packag
es/minisweagent/run/extra/swebench.py", line 152, in process_instance           
    exit_status, result = agent.run(task)                                       
  File                                                                          
"/gscratch/stf/rpande/lora-context-distillation/.venv/lib/python3.10/site-packag
es/minisweagent/agents/default.py", line 81, in run                             
    self.step()                                                                 
  File                                                                          
"/gscratch/stf/rpande/lora-context-distillation/.venv/lib/python3.10/site-packag
es/minisweagent/run/extra/swebench.py", line 66, in step                        
    return super().step()                                                       
  File                                                                          
"/gscratch/stf/rpande/lora-context-distillation/.venv/lib/python3.10/site-packag
es/minisweagent/agents/default.py", line 90, in step                            
    return self.get_observation(self.query())                                   
  File                                                                          
"/gscratch/stf/rpande/lora-context-distillation/.venv/lib/python3.10/site-packag
es/minisweagent/agents/default.py", line 96, in query                           
    response = self.model.query(self.messages)                                  
  File                                                                          
"/gscratch/stf/rpande/lora-context-distillation/.venv/lib/python3.10/site-packag
es/minisweagent/models/litellm_model.py", line 70, in query                     
    cost = litellm.cost_calculator.completion_cost(response)                    
  File                                                                          
"/gscratch/stf/rpande/lora-context-distillation/.venv/lib/python3.10/site-packag
es/litellm/cost_calculator.py", line 1163, in completion_cost                   
    raise e                                                                     
  File                                                                          
"/gscratch/stf/rpande/lora-context-distillation/.venv/lib/python3.10/site-packag
es/litellm/cost_calculator.py", line 1156, in completion_cost                   
    raise e                                                                     
  File                                                                          
"/gscratch/stf/rpande/lora-context-distillation/.venv/lib/python3.10/site-packag
es/litellm/cost_calculator.py", line 1095, in completion_cost                   
    ) = cost_per_token(                                                         
  File                                                                          
"/gscratch/stf/rpande/lora-context-distillation/.venv/lib/python3.10/site-packag
es/litellm/cost_calculator.py", line 407, in cost_per_token                     
    model_info = _cached_get_model_info_helper(                                 
  File                                                                          
"/gscratch/stf/rpande/lora-context-distillation/.venv/lib/python3.10/site-packag
es/litellm/utils.py", line 4769, in _cached_get_model_info_helper               
    return _get_model_info_helper(model=model,                                  
custom_llm_provider=custom_llm_provider)                                        
  File                                                                          
"/gscratch/stf/rpande/lora-context-distillation/.venv/lib/python3.10/site-packag
es/litellm/utils.py", line 5081, in _get_model_info_helper                      
    raise Exception(                                                            
Exception: This model isn't mapped yet.                                         
model=hosted_vllm/Qwen/Qwen3-30B-A3B-Thinking-2507,                             
custom_llm_provider=hosted_vllm. Add it here -                                  
https://github.com/BerriAI/litellm/blob/main/model_prices_and_context_window.jso
n.                                                                              
minisweagent: INFO: Saved trajectory to                                         
'runs/qwen3-32101988/swe/django__django-11999/django__django-11999.traj.json'   
minisweagent: ERROR: Error processing instance django__django-12039: This model 
isn't mapped yet. model=hosted_vllm/Qwen/Qwen3-30B-A3B-Thinking-2507,           
custom_llm_provider=hosted_vllm. Add it here -                                  
https://github.com/BerriAI/litellm/blob/main/model_prices_and_context_window.jso
n.                                                                              
Traceback (most recent call last):                                              
  File                                                                          
"/gscratch/stf/rpande/lora-context-distillation/.venv/lib/python3.10/site-packag
es/litellm/utils.py", line 4917, in _get_model_info_helper                      
    raise ValueError(                                                           
ValueError: This model isn't mapped yet. Add it here -                          
https://github.com/BerriAI/litellm/blob/main/model_prices_and_context_window.jso
n                                                                               
                                                                                
During handling of the above exception, another exception occurred:             
                                                                                
Traceback (most recent call last):                                              
  File                                                                          
"/gscratch/stf/rpande/lora-context-distillation/.venv/lib/python3.10/site-packag
es/minisweagent/run/extra/swebench.py", line 152, in process_instance           
    exit_status, result = agent.run(task)                                       
  File                                                                          
"/gscratch/stf/rpande/lora-context-distillation/.venv/lib/python3.10/site-packag
es/minisweagent/agents/default.py", line 81, in run                             
    self.step()                                                                 
  File                                                                          
"/gscratch/stf/rpande/lora-context-distillation/.venv/lib/python3.10/site-packag
es/minisweagent/run/extra/swebench.py", line 66, in step                        
    return super().step()                                                       
  File                                                                          
"/gscratch/stf/rpande/lora-context-distillation/.venv/lib/python3.10/site-packag
es/minisweagent/agents/default.py", line 90, in step                            
    return self.get_observation(self.query())                                   
  File                                                                          
"/gscratch/stf/rpande/lora-context-distillation/.venv/lib/python3.10/site-packag
es/minisweagent/agents/default.py", line 96, in query                           
    response = self.model.query(self.messages)                                  
  File                                                                          
"/gscratch/stf/rpande/lora-context-distillation/.venv/lib/python3.10/site-packag
es/minisweagent/models/litellm_model.py", line 70, in query                     
    cost = litellm.cost_calculator.completion_cost(response)                    
  File                                                                          
"/gscratch/stf/rpande/lora-context-distillation/.venv/lib/python3.10/site-packag
es/litellm/cost_calculator.py", line 1163, in completion_cost                   
    raise e                                                                     
  File                                                                          
"/gscratch/stf/rpande/lora-context-distillation/.venv/lib/python3.10/site-packag
es/litellm/cost_calculator.py", line 1156, in completion_cost                   
    raise e                                                                     
  File                                                                          
"/gscratch/stf/rpande/lora-context-distillation/.venv/lib/python3.10/site-packag
es/litellm/cost_calculator.py", line 1095, in completion_cost                   
    ) = cost_per_token(                                                         
  File                                                                          
"/gscratch/stf/rpande/lora-context-distillation/.venv/lib/python3.10/site-packag
es/litellm/cost_calculator.py", line 407, in cost_per_token                     
    model_info = _cached_get_model_info_helper(                                 
  File                                                                          
"/gscratch/stf/rpande/lora-context-distillation/.venv/lib/python3.10/site-packag
es/litellm/utils.py", line 4769, in _cached_get_model_info_helper               
    return _get_model_info_helper(model=model,                                  
custom_llm_provider=custom_llm_provider)                                        
  File                                                                          
"/gscratch/stf/rpande/lora-context-distillation/.venv/lib/python3.10/site-packag
es/litellm/utils.py", line 5081, in _get_model_info_helper                      
    raise Exception(                                                            
Exception: This model isn't mapped yet.                                         
model=hosted_vllm/Qwen/Qwen3-30B-A3B-Thinking-2507,                             
custom_llm_provider=hosted_vllm. Add it here -                                  
https://github.com/BerriAI/litellm/blob/main/model_prices_and_context_window.jso
n.                                                                              
minisweagent: INFO: Saved trajectory to                                         
'runs/qwen3-32101988/swe/django__django-12039/django__django-12039.traj.json'   
minisweagent: ERROR: Error processing instance django__django-12050: This model 
isn't mapped yet. model=hosted_vllm/Qwen/Qwen3-30B-A3B-Thinking-2507,           
custom_llm_provider=hosted_vllm. Add it here -                                  
https://github.com/BerriAI/litellm/blob/main/model_prices_and_context_window.jso
n.                                                                              
Traceback (most recent call last):                                              
  File                                                                          
"/gscratch/stf/rpande/lora-context-distillation/.venv/lib/python3.10/site-packag
es/litellm/utils.py", line 4917, in _get_model_info_helper                      
    raise ValueError(                                                           
ValueError: This model isn't mapped yet. Add it here -                          
https://github.com/BerriAI/litellm/blob/main/model_prices_and_context_window.jso
n                                                                               
                                                                                
During handling of the above exception, another exception occurred:             
                                                                                
Traceback (most recent call last):                                              
  File                                                                          
"/gscratch/stf/rpande/lora-context-distillation/.venv/lib/python3.10/site-packag
es/minisweagent/run/extra/swebench.py", line 152, in process_instance           
    exit_status, result = agent.run(task)                                       
  File                                                                          
"/gscratch/stf/rpande/lora-context-distillation/.venv/lib/python3.10/site-packag
es/minisweagent/agents/default.py", line 81, in run                             
    self.step()                                                                 
  File                                                                          
"/gscratch/stf/rpande/lora-context-distillation/.venv/lib/python3.10/site-packag
es/minisweagent/run/extra/swebench.py", line 66, in step                        
    return super().step()                                                       
  File                                                                          
"/gscratch/stf/rpande/lora-context-distillation/.venv/lib/python3.10/site-packag
es/minisweagent/agents/default.py", line 90, in step                            
    return self.get_observation(self.query())                                   
  File                                                                          
"/gscratch/stf/rpande/lora-context-distillation/.venv/lib/python3.10/site-packag
es/minisweagent/agents/default.py", line 96, in query                           
    response = self.model.query(self.messages)                                  
  File                                                                          
"/gscratch/stf/rpande/lora-context-distillation/.venv/lib/python3.10/site-packag
es/minisweagent/models/litellm_model.py", line 70, in query                     
    cost = litellm.cost_calculator.completion_cost(response)                    
  File                                                                          
"/gscratch/stf/rpande/lora-context-distillation/.venv/lib/python3.10/site-packag
es/litellm/cost_calculator.py", line 1163, in completion_cost                   
    raise e                                                                     
  File                                                                          
"/gscratch/stf/rpande/lora-context-distillation/.venv/lib/python3.10/site-packag
es/litellm/cost_calculator.py", line 1156, in completion_cost                   
    raise e                                                                     
  File                                                                          
"/gscratch/stf/rpande/lora-context-distillation/.venv/lib/python3.10/site-packag
es/litellm/cost_calculator.py", line 1095, in completion_cost                   
    ) = cost_per_token(                                                         
  File                                                                          
"/gscratch/stf/rpande/lora-context-distillation/.venv/lib/python3.10/site-packag
es/litellm/cost_calculator.py", line 407, in cost_per_token                     
    model_info = _cached_get_model_info_helper(                                 
  File                                                                          
"/gscratch/stf/rpande/lora-context-distillation/.venv/lib/python3.10/site-packag
es/litellm/utils.py", line 4769, in _cached_get_model_info_helper               
    return _get_model_info_helper(model=model,                                  
custom_llm_provider=custom_llm_provider)                                        
  File                                                                          
"/gscratch/stf/rpande/lora-context-distillation/.venv/lib/python3.10/site-packag
es/litellm/utils.py", line 5081, in _get_model_info_helper                      
    raise Exception(                                                            
Exception: This model isn't mapped yet.                                         
model=hosted_vllm/Qwen/Qwen3-30B-A3B-Thinking-2507,                             
custom_llm_provider=hosted_vllm. Add it here -                                  
https://github.com/BerriAI/litellm/blob/main/model_prices_and_context_window.jso
n.                                                                              
minisweagent: INFO: Saved trajectory to                                         
'runs/qwen3-32101988/swe/django__django-12050/django__django-12050.traj.json'   
minisweagent: ERROR: Error processing instance django__django-12143: This model 
isn't mapped yet. model=hosted_vllm/Qwen/Qwen3-30B-A3B-Thinking-2507,           
custom_llm_provider=hosted_vllm. Add it here -                                  
https://github.com/BerriAI/litellm/blob/main/model_prices_and_context_window.jso
n.                                                                              
Traceback (most recent call last):                                              
  File                                                                          
"/gscratch/stf/rpande/lora-context-distillation/.venv/lib/python3.10/site-packag
es/litellm/utils.py", line 4917, in _get_model_info_helper                      
    raise ValueError(                                                           
ValueError: This model isn't mapped yet. Add it here -                          
https://github.com/BerriAI/litellm/blob/main/model_prices_and_context_window.jso
n                                                                               
                                                                                
During handling of the above exception, another exception occurred:             
                                                                                
Traceback (most recent call last):                                              
  File                                                                          
"/gscratch/stf/rpande/lora-context-distillation/.venv/lib/python3.10/site-packag
es/minisweagent/run/extra/swebench.py", line 152, in process_instance           
    exit_status, result = agent.run(task)                                       
  File                                                                          
"/gscratch/stf/rpande/lora-context-distillation/.venv/lib/python3.10/site-packag
es/minisweagent/agents/default.py", line 81, in run                             
    self.step()                                                                 
  File                                                                          
"/gscratch/stf/rpande/lora-context-distillation/.venv/lib/python3.10/site-packag
es/minisweagent/run/extra/swebench.py", line 66, in step                        
    return super().step()                                                       
  File                                                                          
"/gscratch/stf/rpande/lora-context-distillation/.venv/lib/python3.10/site-packag
es/minisweagent/agents/default.py", line 90, in step                            
    return self.get_observation(self.query())                                   
  File                                                                          
"/gscratch/stf/rpande/lora-context-distillation/.venv/lib/python3.10/site-packag
es/minisweagent/agents/default.py", line 96, in query                           
    response = self.model.query(self.messages)                                  
  File                                                                          
"/gscratch/stf/rpande/lora-context-distillation/.venv/lib/python3.10/site-packag
es/minisweagent/models/litellm_model.py", line 70, in query                     
    cost = litellm.cost_calculator.completion_cost(response)                    
  File                                                                          
"/gscratch/stf/rpande/lora-context-distillation/.venv/lib/python3.10/site-packag
es/litellm/cost_calculator.py", line 1163, in completion_cost                   
    raise e                                                                     
  File                                                                          
"/gscratch/stf/rpande/lora-context-distillation/.venv/lib/python3.10/site-packag
es/litellm/cost_calculator.py", line 1156, in completion_cost                   
    raise e                                                                     
  File                                                                          
"/gscratch/stf/rpande/lora-context-distillation/.venv/lib/python3.10/site-packag
es/litellm/cost_calculator.py", line 1095, in completion_cost                   
    ) = cost_per_token(                                                         
  File                                                                          
"/gscratch/stf/rpande/lora-context-distillation/.venv/lib/python3.10/site-packag
es/litellm/cost_calculator.py", line 407, in cost_per_token                     
    model_info = _cached_get_model_info_helper(                                 
  File                                                                          
"/gscratch/stf/rpande/lora-context-distillation/.venv/lib/python3.10/site-packag
es/litellm/utils.py", line 4769, in _cached_get_model_info_helper               
    return _get_model_info_helper(model=model,                                  
custom_llm_provider=custom_llm_provider)                                        
  File                                                                          
"/gscratch/stf/rpande/lora-context-distillation/.venv/lib/python3.10/site-packag
es/litellm/utils.py", line 5081, in _get_model_info_helper                      
    raise Exception(                                                            
Exception: This model isn't mapped yet.                                         
model=hosted_vllm/Qwen/Qwen3-30B-A3B-Thinking-2507,                             
custom_llm_provider=hosted_vllm. Add it here -                                  
https://github.com/BerriAI/litellm/blob/main/model_prices_and_context_window.jso
n.                                                                              
minisweagent: INFO: Saved trajectory to                                         
'runs/qwen3-32101988/swe/django__django-12143/django__django-12143.traj.json'   
minisweagent: ERROR: Error processing instance django__django-12155: This model 
isn't mapped yet. model=hosted_vllm/Qwen/Qwen3-30B-A3B-Thinking-2507,           
custom_llm_provider=hosted_vllm. Add it here -                                  
https://github.com/BerriAI/litellm/blob/main/model_prices_and_context_window.jso
n.                                                                              
Traceback (most recent call last):                                              
  File                                                                          
"/gscratch/stf/rpande/lora-context-distillation/.venv/lib/python3.10/site-packag
es/litellm/utils.py", line 4917, in _get_model_info_helper                      
    raise ValueError(                                                           
ValueError: This model isn't mapped yet. Add it here -                          
https://github.com/BerriAI/litellm/blob/main/model_prices_and_context_window.jso
n                                                                               
                                                                                
During handling of the above exception, another exception occurred:             
                                                                                
Traceback (most recent call last):                                              
  File                                                                          
"/gscratch/stf/rpande/lora-context-distillation/.venv/lib/python3.10/site-packag
es/minisweagent/run/extra/swebench.py", line 152, in process_instance           
    exit_status, result = agent.run(task)                                       
  File                                                                          
"/gscratch/stf/rpande/lora-context-distillation/.venv/lib/python3.10/site-packag
es/minisweagent/agents/default.py", line 81, in run                             
    self.step()                                                                 
  File                                                                          
"/gscratch/stf/rpande/lora-context-distillation/.venv/lib/python3.10/site-packag
es/minisweagent/run/extra/swebench.py", line 66, in step                        
    return super().step()                                                       
  File                                                                          
"/gscratch/stf/rpande/lora-context-distillation/.venv/lib/python3.10/site-packag
es/minisweagent/agents/default.py", line 90, in step                            
    return self.get_observation(self.query())                                   
  File                                                                          
"/gscratch/stf/rpande/lora-context-distillation/.venv/lib/python3.10/site-packag
es/minisweagent/agents/default.py", line 96, in query                           
    response = self.model.query(self.messages)                                  
  File                                                                          
"/gscratch/stf/rpande/lora-context-distillation/.venv/lib/python3.10/site-packag
es/minisweagent/models/litellm_model.py", line 70, in query                     
    cost = litellm.cost_calculator.completion_cost(response)                    
  File                                                                          
"/gscratch/stf/rpande/lora-context-distillation/.venv/lib/python3.10/site-packag
es/litellm/cost_calculator.py", line 1163, in completion_cost                   
    raise e                                                                     
  File                                                                          
"/gscratch/stf/rpande/lora-context-distillation/.venv/lib/python3.10/site-packag
es/litellm/cost_calculator.py", line 1156, in completion_cost                   
    raise e                                                                     
  File                                                                          
"/gscratch/stf/rpande/lora-context-distillation/.venv/lib/python3.10/site-packag
es/litellm/cost_calculator.py", line 1095, in completion_cost                   
    ) = cost_per_token(                                                         
  File                                                                          
"/gscratch/stf/rpande/lora-context-distillation/.venv/lib/python3.10/site-packag
es/litellm/cost_calculator.py", line 407, in cost_per_token                     
    model_info = _cached_get_model_info_helper(                                 
  File                                                                          
"/gscratch/stf/rpande/lora-context-distillation/.venv/lib/python3.10/site-packag
es/litellm/utils.py", line 4769, in _cached_get_model_info_helper               
    return _get_model_info_helper(model=model,                                  
custom_llm_provider=custom_llm_provider)                                        
  File                                                                          
"/gscratch/stf/rpande/lora-context-distillation/.venv/lib/python3.10/site-packag
es/litellm/utils.py", line 5081, in _get_model_info_helper                      
    raise Exception(                                                            
Exception: This model isn't mapped yet.                                         
model=hosted_vllm/Qwen/Qwen3-30B-A3B-Thinking-2507,                             
custom_llm_provider=hosted_vllm. Add it here -                                  
https://github.com/BerriAI/litellm/blob/main/model_prices_and_context_window.jso
n.                                                                              
minisweagent: INFO: Saved trajectory to                                         
'runs/qwen3-32101988/swe/django__django-12155/django__django-12155.traj.json'   
minisweagent: ERROR: Error processing instance django__django-12193: This model 
isn't mapped yet. model=hosted_vllm/Qwen/Qwen3-30B-A3B-Thinking-2507,           
custom_llm_provider=hosted_vllm. Add it here -                                  
https://github.com/BerriAI/litellm/blob/main/model_prices_and_context_window.jso
n.                                                                              
Traceback (most recent call last):                                              
  File                                                                          
"/gscratch/stf/rpande/lora-context-distillation/.venv/lib/python3.10/site-packag
es/litellm/utils.py", line 4917, in _get_model_info_helper                      
    raise ValueError(                                                           
ValueError: This model isn't mapped yet. Add it here -                          
https://github.com/BerriAI/litellm/blob/main/model_prices_and_context_window.jso
n                                                                               
                                                                                
During handling of the above exception, another exception occurred:             
                                                                                
Traceback (most recent call last):                                              
  File                                                                          
"/gscratch/stf/rpande/lora-context-distillation/.venv/lib/python3.10/site-packag
es/minisweagent/run/extra/swebench.py", line 152, in process_instance           
    exit_status, result = agent.run(task)                                       
  File                                                                          
"/gscratch/stf/rpande/lora-context-distillation/.venv/lib/python3.10/site-packag
es/minisweagent/agents/default.py", line 81, in run                             
    self.step()                                                                 
  File                                                                          
"/gscratch/stf/rpande/lora-context-distillation/.venv/lib/python3.10/site-packag
es/minisweagent/run/extra/swebench.py", line 66, in step                        
    return super().step()                                                       
  File                                                                          
"/gscratch/stf/rpande/lora-context-distillation/.venv/lib/python3.10/site-packag
es/minisweagent/agents/default.py", line 90, in step                            
    return self.get_observation(self.query())                                   
  File                                                                          
"/gscratch/stf/rpande/lora-context-distillation/.venv/lib/python3.10/site-packag
es/minisweagent/agents/default.py", line 96, in query                           
    response = self.model.query(self.messages)                                  
  File                                                                          
"/gscratch/stf/rpande/lora-context-distillation/.venv/lib/python3.10/site-packag
es/minisweagent/models/litellm_model.py", line 70, in query                     
    cost = litellm.cost_calculator.completion_cost(response)                    
  File                                                                          
"/gscratch/stf/rpande/lora-context-distillation/.venv/lib/python3.10/site-packag
es/litellm/cost_calculator.py", line 1163, in completion_cost                   
    raise e                                                                     
  File                                                                          
"/gscratch/stf/rpande/lora-context-distillation/.venv/lib/python3.10/site-packag
es/litellm/cost_calculator.py", line 1156, in completion_cost                   
    raise e                                                                     
  File                                                                          
"/gscratch/stf/rpande/lora-context-distillation/.venv/lib/python3.10/site-packag
es/litellm/cost_calculator.py", line 1095, in completion_cost                   
    ) = cost_per_token(                                                         
  File                                                                          
"/gscratch/stf/rpande/lora-context-distillation/.venv/lib/python3.10/site-packag
es/litellm/cost_calculator.py", line 407, in cost_per_token                     
    model_info = _cached_get_model_info_helper(                                 
  File                                                                          
"/gscratch/stf/rpande/lora-context-distillation/.venv/lib/python3.10/site-packag
es/litellm/utils.py", line 4769, in _cached_get_model_info_helper               
    return _get_model_info_helper(model=model,                                  
custom_llm_provider=custom_llm_provider)                                        
  File                                                                          
"/gscratch/stf/rpande/lora-context-distillation/.venv/lib/python3.10/site-packag
es/litellm/utils.py", line 5081, in _get_model_info_helper                      
    raise Exception(                                                            
Exception: This model isn't mapped yet.                                         
model=hosted_vllm/Qwen/Qwen3-30B-A3B-Thinking-2507,                             
custom_llm_provider=hosted_vllm. Add it here -                                  
https://github.com/BerriAI/litellm/blob/main/model_prices_and_context_window.jso
n.                                                                              
minisweagent: INFO: Saved trajectory to                                         
'runs/qwen3-32101988/swe/django__django-12193/django__django-12193.traj.json'   
minisweagent: ERROR: Error processing instance django__django-12209: This model 
isn't mapped yet. model=hosted_vllm/Qwen/Qwen3-30B-A3B-Thinking-2507,           
custom_llm_provider=hosted_vllm. Add it here -                                  
https://github.com/BerriAI/litellm/blob/main/model_prices_and_context_window.jso
n.                                                                              
Traceback (most recent call last):                                              
  File                                                                          
"/gscratch/stf/rpande/lora-context-distillation/.venv/lib/python3.10/site-packag
es/litellm/utils.py", line 4917, in _get_model_info_helper                      
    raise ValueError(                                                           
ValueError: This model isn't mapped yet. Add it here -                          
https://github.com/BerriAI/litellm/blob/main/model_prices_and_context_window.jso
n                                                                               
                                                                                
During handling of the above exception, another exception occurred:             
                                                                                
Traceback (most recent call last):                                              
  File                                                                          
"/gscratch/stf/rpande/lora-context-distillation/.venv/lib/python3.10/site-packag
es/minisweagent/run/extra/swebench.py", line 152, in process_instance           
    exit_status, result = agent.run(task)                                       
  File                                                                          
"/gscratch/stf/rpande/lora-context-distillation/.venv/lib/python3.10/site-packag
es/minisweagent/agents/default.py", line 81, in run                             
    self.step()                                                                 
  File                                                                          
"/gscratch/stf/rpande/lora-context-distillation/.venv/lib/python3.10/site-packag
es/minisweagent/run/extra/swebench.py", line 66, in step                        
    return super().step()                                                       
  File                                                                          
"/gscratch/stf/rpande/lora-context-distillation/.venv/lib/python3.10/site-packag
es/minisweagent/agents/default.py", line 90, in step                            
    return self.get_observation(self.query())                                   
  File                                                                          
"/gscratch/stf/rpande/lora-context-distillation/.venv/lib/python3.10/site-packag
es/minisweagent/agents/default.py", line 96, in query                           
    response = self.model.query(self.messages)                                  
  File                                                                          
"/gscratch/stf/rpande/lora-context-distillation/.venv/lib/python3.10/site-packag
es/minisweagent/models/litellm_model.py", line 70, in query                     
    cost = litellm.cost_calculator.completion_cost(response)                    
  File                                                                          
"/gscratch/stf/rpande/lora-context-distillation/.venv/lib/python3.10/site-packag
es/litellm/cost_calculator.py", line 1163, in completion_cost                   
    raise e                                                                     
  File                                                                          
"/gscratch/stf/rpande/lora-context-distillation/.venv/lib/python3.10/site-packag
es/litellm/cost_calculator.py", line 1156, in completion_cost                   
    raise e                                                                     
  File                                                                          
"/gscratch/stf/rpande/lora-context-distillation/.venv/lib/python3.10/site-packag
es/litellm/cost_calculator.py", line 1095, in completion_cost                   
    ) = cost_per_token(                                                         
  File                                                                          
"/gscratch/stf/rpande/lora-context-distillation/.venv/lib/python3.10/site-packag
es/litellm/cost_calculator.py", line 407, in cost_per_token                     
    model_info = _cached_get_model_info_helper(                                 
  File                                                                          
"/gscratch/stf/rpande/lora-context-distillation/.venv/lib/python3.10/site-packag
es/litellm/utils.py", line 4769, in _cached_get_model_info_helper               
    return _get_model_info_helper(model=model,                                  
custom_llm_provider=custom_llm_provider)                                        
  File                                                                          
"/gscratch/stf/rpande/lora-context-distillation/.venv/lib/python3.10/site-packag
es/litellm/utils.py", line 5081, in _get_model_info_helper                      
    raise Exception(                                                            
Exception: This model isn't mapped yet.                                         
model=hosted_vllm/Qwen/Qwen3-30B-A3B-Thinking-2507,                             
custom_llm_provider=hosted_vllm. Add it here -                                  
https://github.com/BerriAI/litellm/blob/main/model_prices_and_context_window.jso
n.                                                                              
minisweagent: INFO: Saved trajectory to                                         
'runs/qwen3-32101988/swe/django__django-12209/django__django-12209.traj.json'   
minisweagent: ERROR: Error processing instance django__django-12262: This model 
isn't mapped yet. model=hosted_vllm/Qwen/Qwen3-30B-A3B-Thinking-2507,           
custom_llm_provider=hosted_vllm. Add it here -                                  
https://github.com/BerriAI/litellm/blob/main/model_prices_and_context_window.jso
n.                                                                              
Traceback (most recent call last):                                              
  File                                                                          
"/gscratch/stf/rpande/lora-context-distillation/.venv/lib/python3.10/site-packag
es/litellm/utils.py", line 4917, in _get_model_info_helper                      
    raise ValueError(                                                           
ValueError: This model isn't mapped yet. Add it here -                          
https://github.com/BerriAI/litellm/blob/main/model_prices_and_context_window.jso
n                                                                               
                                                                                
During handling of the above exception, another exception occurred:             
                                                                                
Traceback (most recent call last):                                              
  File                                                                          
"/gscratch/stf/rpande/lora-context-distillation/.venv/lib/python3.10/site-packag
es/minisweagent/run/extra/swebench.py", line 152, in process_instance           
    exit_status, result = agent.run(task)                                       
  File                                                                          
"/gscratch/stf/rpande/lora-context-distillation/.venv/lib/python3.10/site-packag
es/minisweagent/agents/default.py", line 81, in run                             
    self.step()                                                                 
  File                                                                          
"/gscratch/stf/rpande/lora-context-distillation/.venv/lib/python3.10/site-packag
es/minisweagent/run/extra/swebench.py", line 66, in step                        
    return super().step()                                                       
  File                                                                          
"/gscratch/stf/rpande/lora-context-distillation/.venv/lib/python3.10/site-packag
es/minisweagent/agents/default.py", line 90, in step                            
    return self.get_observation(self.query())                                   
  File                                                                          
"/gscratch/stf/rpande/lora-context-distillation/.venv/lib/python3.10/site-packag
es/minisweagent/agents/default.py", line 96, in query                           
    response = self.model.query(self.messages)                                  
  File                                                                          
"/gscratch/stf/rpande/lora-context-distillation/.venv/lib/python3.10/site-packag
es/minisweagent/models/litellm_model.py", line 70, in query                     
    cost = litellm.cost_calculator.completion_cost(response)                    
  File                                                                          
"/gscratch/stf/rpande/lora-context-distillation/.venv/lib/python3.10/site-packag
es/litellm/cost_calculator.py", line 1163, in completion_cost                   
    raise e                                                                     
  File                                                                          
"/gscratch/stf/rpande/lora-context-distillation/.venv/lib/python3.10/site-packag
es/litellm/cost_calculator.py", line 1156, in completion_cost                   
    raise e                                                                     
  File                                                                          
"/gscratch/stf/rpande/lora-context-distillation/.venv/lib/python3.10/site-packag
es/litellm/cost_calculator.py", line 1095, in completion_cost                   
    ) = cost_per_token(                                                         
  File                                                                          
"/gscratch/stf/rpande/lora-context-distillation/.venv/lib/python3.10/site-packag
es/litellm/cost_calculator.py", line 407, in cost_per_token                     
    model_info = _cached_get_model_info_helper(                                 
  File                                                                          
"/gscratch/stf/rpande/lora-context-distillation/.venv/lib/python3.10/site-packag
es/litellm/utils.py", line 4769, in _cached_get_model_info_helper               
    return _get_model_info_helper(model=model,                                  
custom_llm_provider=custom_llm_provider)                                        
  File                                                                          
"/gscratch/stf/rpande/lora-context-distillation/.venv/lib/python3.10/site-packag
es/litellm/utils.py", line 5081, in _get_model_info_helper                      
    raise Exception(                                                            
Exception: This model isn't mapped yet.                                         
model=hosted_vllm/Qwen/Qwen3-30B-A3B-Thinking-2507,                             
custom_llm_provider=hosted_vllm. Add it here -                                  
https://github.com/BerriAI/litellm/blob/main/model_prices_and_context_window.jso
n.                                                                              
minisweagent: INFO: Saved trajectory to                                         
'runs/qwen3-32101988/swe/django__django-12262/django__django-12262.traj.json'   
minisweagent: ERROR: Error processing instance django__django-12273: This model 
isn't mapped yet. model=hosted_vllm/Qwen/Qwen3-30B-A3B-Thinking-2507,           
custom_llm_provider=hosted_vllm. Add it here -                                  
https://github.com/BerriAI/litellm/blob/main/model_prices_and_context_window.jso
n.                                                                              
Traceback (most recent call last):                                              
  File                                                                          
"/gscratch/stf/rpande/lora-context-distillation/.venv/lib/python3.10/site-packag
es/litellm/utils.py", line 4917, in _get_model_info_helper                      
    raise ValueError(                                                           
ValueError: This model isn't mapped yet. Add it here -                          
https://github.com/BerriAI/litellm/blob/main/model_prices_and_context_window.jso
n                                                                               
                                                                                
During handling of the above exception, another exception occurred:             
                                                                                
Traceback (most recent call last):                                              
  File                                                                          
"/gscratch/stf/rpande/lora-context-distillation/.venv/lib/python3.10/site-packag
es/minisweagent/run/extra/swebench.py", line 152, in process_instance           
    exit_status, result = agent.run(task)                                       
  File                                                                          
"/gscratch/stf/rpande/lora-context-distillation/.venv/lib/python3.10/site-packag
es/minisweagent/agents/default.py", line 81, in run                             
    self.step()                                                                 
  File                                                                          
"/gscratch/stf/rpande/lora-context-distillation/.venv/lib/python3.10/site-packag
es/minisweagent/run/extra/swebench.py", line 66, in step                        
    return super().step()                                                       
  File                                                                          
"/gscratch/stf/rpande/lora-context-distillation/.venv/lib/python3.10/site-packag
es/minisweagent/agents/default.py", line 90, in step                            
    return self.get_observation(self.query())                                   
  File                                                                          
"/gscratch/stf/rpande/lora-context-distillation/.venv/lib/python3.10/site-packag
es/minisweagent/agents/default.py", line 96, in query                           
    response = self.model.query(self.messages)                                  
  File                                                                          
"/gscratch/stf/rpande/lora-context-distillation/.venv/lib/python3.10/site-packag
es/minisweagent/models/litellm_model.py", line 70, in query                     
    cost = litellm.cost_calculator.completion_cost(response)                    
  File                                                                          
"/gscratch/stf/rpande/lora-context-distillation/.venv/lib/python3.10/site-packag
es/litellm/cost_calculator.py", line 1163, in completion_cost                   
    raise e                                                                     
  File                                                                          
"/gscratch/stf/rpande/lora-context-distillation/.venv/lib/python3.10/site-packag
es/litellm/cost_calculator.py", line 1156, in completion_cost                   
    raise e                                                                     
  File                                                                          
"/gscratch/stf/rpande/lora-context-distillation/.venv/lib/python3.10/site-packag
es/litellm/cost_calculator.py", line 1095, in completion_cost                   
    ) = cost_per_token(                                                         
  File                                                                          
"/gscratch/stf/rpande/lora-context-distillation/.venv/lib/python3.10/site-packag
es/litellm/cost_calculator.py", line 407, in cost_per_token                     
    model_info = _cached_get_model_info_helper(                                 
  File                                                                          
"/gscratch/stf/rpande/lora-context-distillation/.venv/lib/python3.10/site-packag
es/litellm/utils.py", line 4769, in _cached_get_model_info_helper               
    return _get_model_info_helper(model=model,                                  
custom_llm_provider=custom_llm_provider)                                        
  File                                                                          
"/gscratch/stf/rpande/lora-context-distillation/.venv/lib/python3.10/site-packag
es/litellm/utils.py", line 5081, in _get_model_info_helper                      
    raise Exception(                                                            
Exception: This model isn't mapped yet.                                         
model=hosted_vllm/Qwen/Qwen3-30B-A3B-Thinking-2507,                             
custom_llm_provider=hosted_vllm. Add it here -                                  
https://github.com/BerriAI/litellm/blob/main/model_prices_and_context_window.jso
n.                                                                              
minisweagent: INFO: Saved trajectory to                                         
'runs/qwen3-32101988/swe/django__django-12273/django__django-12273.traj.json'   
minisweagent: ERROR: Error processing instance django__django-12276: This model 
isn't mapped yet. model=hosted_vllm/Qwen/Qwen3-30B-A3B-Thinking-2507,           
custom_llm_provider=hosted_vllm. Add it here -                                  
https://github.com/BerriAI/litellm/blob/main/model_prices_and_context_window.jso
n.                                                                              
Traceback (most recent call last):                                              
  File                                                                          
"/gscratch/stf/rpande/lora-context-distillation/.venv/lib/python3.10/site-packag
es/litellm/utils.py", line 4917, in _get_model_info_helper                      
    raise ValueError(                                                           
ValueError: This model isn't mapped yet. Add it here -                          
https://github.com/BerriAI/litellm/blob/main/model_prices_and_context_window.jso
n                                                                               
                                                                                
During handling of the above exception, another exception occurred:             
                                                                                
Traceback (most recent call last):                                              
  File                                                                          
"/gscratch/stf/rpande/lora-context-distillation/.venv/lib/python3.10/site-packag
es/minisweagent/run/extra/swebench.py", line 152, in process_instance           
    exit_status, result = agent.run(task)                                       
  File                                                                          
"/gscratch/stf/rpande/lora-context-distillation/.venv/lib/python3.10/site-packag
es/minisweagent/agents/default.py", line 81, in run                             
    self.step()                                                                 
  File                                                                          
"/gscratch/stf/rpande/lora-context-distillation/.venv/lib/python3.10/site-packag
es/minisweagent/run/extra/swebench.py", line 66, in step                        
    return super().step()                                                       
  File                                                                          
"/gscratch/stf/rpande/lora-context-distillation/.venv/lib/python3.10/site-packag
es/minisweagent/agents/default.py", line 90, in step                            
    return self.get_observation(self.query())                                   
  File                                                                          
"/gscratch/stf/rpande/lora-context-distillation/.venv/lib/python3.10/site-packag
es/minisweagent/agents/default.py", line 96, in query                           
    response = self.model.query(self.messages)                                  
  File                                                                          
"/gscratch/stf/rpande/lora-context-distillation/.venv/lib/python3.10/site-packag
es/minisweagent/models/litellm_model.py", line 70, in query                     
    cost = litellm.cost_calculator.completion_cost(response)                    
  File                                                                          
"/gscratch/stf/rpande/lora-context-distillation/.venv/lib/python3.10/site-packag
es/litellm/cost_calculator.py", line 1163, in completion_cost                   
    raise e                                                                     
  File                                                                          
"/gscratch/stf/rpande/lora-context-distillation/.venv/lib/python3.10/site-packag
es/litellm/cost_calculator.py", line 1156, in completion_cost                   
    raise e                                                                     
  File                                                                          
"/gscratch/stf/rpande/lora-context-distillation/.venv/lib/python3.10/site-packag
es/litellm/cost_calculator.py", line 1095, in completion_cost                   
    ) = cost_per_token(                                                         
  File                                                                          
"/gscratch/stf/rpande/lora-context-distillation/.venv/lib/python3.10/site-packag
es/litellm/cost_calculator.py", line 407, in cost_per_token                     
    model_info = _cached_get_model_info_helper(                                 
  File                                                                          
"/gscratch/stf/rpande/lora-context-distillation/.venv/lib/python3.10/site-packag
es/litellm/utils.py", line 4769, in _cached_get_model_info_helper               
    return _get_model_info_helper(model=model,                                  
custom_llm_provider=custom_llm_provider)                                        
  File                                                                          
"/gscratch/stf/rpande/lora-context-distillation/.venv/lib/python3.10/site-packag
es/litellm/utils.py", line 5081, in _get_model_info_helper                      
    raise Exception(                                                            
Exception: This model isn't mapped yet.                                         
model=hosted_vllm/Qwen/Qwen3-30B-A3B-Thinking-2507,                             
custom_llm_provider=hosted_vllm. Add it here -                                  
https://github.com/BerriAI/litellm/blob/main/model_prices_and_context_window.jso
n.                                                                              
minisweagent: INFO: Saved trajectory to                                         
'runs/qwen3-32101988/swe/django__django-12276/django__django-12276.traj.json'   
minisweagent: ERROR: Error processing instance django__django-12304: This model 
isn't mapped yet. model=hosted_vllm/Qwen/Qwen3-30B-A3B-Thinking-2507,           
custom_llm_provider=hosted_vllm. Add it here -                                  
https://github.com/BerriAI/litellm/blob/main/model_prices_and_context_window.jso
n.                                                                              
Traceback (most recent call last):                                              
  File                                                                          
"/gscratch/stf/rpande/lora-context-distillation/.venv/lib/python3.10/site-packag
es/litellm/utils.py", line 4917, in _get_model_info_helper                      
    raise ValueError(                                                           
ValueError: This model isn't mapped yet. Add it here -                          
https://github.com/BerriAI/litellm/blob/main/model_prices_and_context_window.jso
n                                                                               
                                                                                
During handling of the above exception, another exception occurred:             
                                                                                
Traceback (most recent call last):                                              
  File                                                                          
"/gscratch/stf/rpande/lora-context-distillation/.venv/lib/python3.10/site-packag
es/minisweagent/run/extra/swebench.py", line 152, in process_instance           
    exit_status, result = agent.run(task)                                       
  File                                                                          
"/gscratch/stf/rpande/lora-context-distillation/.venv/lib/python3.10/site-packag
es/minisweagent/agents/default.py", line 81, in run                             
    self.step()                                                                 
  File                                                                          
"/gscratch/stf/rpande/lora-context-distillation/.venv/lib/python3.10/site-packag
es/minisweagent/run/extra/swebench.py", line 66, in step                        
    return super().step()                                                       
  File                                                                          
"/gscratch/stf/rpande/lora-context-distillation/.venv/lib/python3.10/site-packag
es/minisweagent/agents/default.py", line 90, in step                            
    return self.get_observation(self.query())                                   
  File                                                                          
"/gscratch/stf/rpande/lora-context-distillation/.venv/lib/python3.10/site-packag
es/minisweagent/agents/default.py", line 96, in query                           
    response = self.model.query(self.messages)                                  
  File                                                                          
"/gscratch/stf/rpande/lora-context-distillation/.venv/lib/python3.10/site-packag
es/minisweagent/models/litellm_model.py", line 70, in query                     
    cost = litellm.cost_calculator.completion_cost(response)                    
  File                                                                          
"/gscratch/stf/rpande/lora-context-distillation/.venv/lib/python3.10/site-packag
es/litellm/cost_calculator.py", line 1163, in completion_cost                   
    raise e                                                                     
  File                                                                          
"/gscratch/stf/rpande/lora-context-distillation/.venv/lib/python3.10/site-packag
es/litellm/cost_calculator.py", line 1156, in completion_cost                   
    raise e                                                                     
  File                                                                          
"/gscratch/stf/rpande/lora-context-distillation/.venv/lib/python3.10/site-packag
es/litellm/cost_calculator.py", line 1095, in completion_cost                   
    ) = cost_per_token(                                                         
  File                                                                          
"/gscratch/stf/rpande/lora-context-distillation/.venv/lib/python3.10/site-packag
es/litellm/cost_calculator.py", line 407, in cost_per_token                     
    model_info = _cached_get_model_info_helper(                                 
  File                                                                          
"/gscratch/stf/rpande/lora-context-distillation/.venv/lib/python3.10/site-packag
es/litellm/utils.py", line 4769, in _cached_get_model_info_helper               
    return _get_model_info_helper(model=model,                                  
custom_llm_provider=custom_llm_provider)                                        
  File                                                                          
"/gscratch/stf/rpande/lora-context-distillation/.venv/lib/python3.10/site-packag
es/litellm/utils.py", line 5081, in _get_model_info_helper                      
    raise Exception(                                                            
Exception: This model isn't mapped yet.                                         
model=hosted_vllm/Qwen/Qwen3-30B-A3B-Thinking-2507,                             
custom_llm_provider=hosted_vllm. Add it here -                                  
https://github.com/BerriAI/litellm/blob/main/model_prices_and_context_window.jso
n.                                                                              
minisweagent: INFO: Saved trajectory to                                         
'runs/qwen3-32101988/swe/django__django-12304/django__django-12304.traj.json'   
minisweagent: ERROR: Error processing instance django__django-12308: This model 
isn't mapped yet. model=hosted_vllm/Qwen/Qwen3-30B-A3B-Thinking-2507,           
custom_llm_provider=hosted_vllm. Add it here -                                  
https://github.com/BerriAI/litellm/blob/main/model_prices_and_context_window.jso
n.                                                                              
Traceback (most recent call last):                                              
  File                                                                          
"/gscratch/stf/rpande/lora-context-distillation/.venv/lib/python3.10/site-packag
es/litellm/utils.py", line 4917, in _get_model_info_helper                      
    raise ValueError(                                                           
ValueError: This model isn't mapped yet. Add it here -                          
https://github.com/BerriAI/litellm/blob/main/model_prices_and_context_window.jso
n                                                                               
                                                                                
During handling of the above exception, another exception occurred:             
                                                                                
Traceback (most recent call last):                                              
  File                                                                          
"/gscratch/stf/rpande/lora-context-distillation/.venv/lib/python3.10/site-packag
es/minisweagent/run/extra/swebench.py", line 152, in process_instance           
    exit_status, result = agent.run(task)                                       
  File                                                                          
"/gscratch/stf/rpande/lora-context-distillation/.venv/lib/python3.10/site-packag
es/minisweagent/agents/default.py", line 81, in run                             
    self.step()                                                                 
  File                                                                          
"/gscratch/stf/rpande/lora-context-distillation/.venv/lib/python3.10/site-packag
es/minisweagent/run/extra/swebench.py", line 66, in step                        
    return super().step()                                                       
  File                                                                          
"/gscratch/stf/rpande/lora-context-distillation/.venv/lib/python3.10/site-packag
es/minisweagent/agents/default.py", line 90, in step                            
    return self.get_observation(self.query())                                   
  File                                                                          
"/gscratch/stf/rpande/lora-context-distillation/.venv/lib/python3.10/site-packag
es/minisweagent/agents/default.py", line 96, in query                           
    response = self.model.query(self.messages)                                  
  File                                                                          
"/gscratch/stf/rpande/lora-context-distillation/.venv/lib/python3.10/site-packag
es/minisweagent/models/litellm_model.py", line 70, in query                     
    cost = litellm.cost_calculator.completion_cost(response)                    
  File                                                                          
"/gscratch/stf/rpande/lora-context-distillation/.venv/lib/python3.10/site-packag
es/litellm/cost_calculator.py", line 1163, in completion_cost                   
    raise e                                                                     
  File                                                                          
"/gscratch/stf/rpande/lora-context-distillation/.venv/lib/python3.10/site-packag
es/litellm/cost_calculator.py", line 1156, in completion_cost                   
    raise e                                                                     
  File                                                                          
"/gscratch/stf/rpande/lora-context-distillation/.venv/lib/python3.10/site-packag
es/litellm/cost_calculator.py", line 1095, in completion_cost                   
    ) = cost_per_token(                                                         
  File                                                                          
"/gscratch/stf/rpande/lora-context-distillation/.venv/lib/python3.10/site-packag
es/litellm/cost_calculator.py", line 407, in cost_per_token                     
    model_info = _cached_get_model_info_helper(                                 
  File                                                                          
"/gscratch/stf/rpande/lora-context-distillation/.venv/lib/python3.10/site-packag
es/litellm/utils.py", line 4769, in _cached_get_model_info_helper               
    return _get_model_info_helper(model=model,                                  
custom_llm_provider=custom_llm_provider)                                        
  File                                                                          
"/gscratch/stf/rpande/lora-context-distillation/.venv/lib/python3.10/site-packag
es/litellm/utils.py", line 5081, in _get_model_info_helper                      
    raise Exception(                                                            
Exception: This model isn't mapped yet.                                         
model=hosted_vllm/Qwen/Qwen3-30B-A3B-Thinking-2507,                             
custom_llm_provider=hosted_vllm. Add it here -                                  
https://github.com/BerriAI/litellm/blob/main/model_prices_and_context_window.jso
n.                                                                              
minisweagent: INFO: Saved trajectory to                                         
'runs/qwen3-32101988/swe/django__django-12308/django__django-12308.traj.json'   
minisweagent: ERROR: Error processing instance django__django-12325: This model 
isn't mapped yet. model=hosted_vllm/Qwen/Qwen3-30B-A3B-Thinking-2507,           
custom_llm_provider=hosted_vllm. Add it here -                                  
https://github.com/BerriAI/litellm/blob/main/model_prices_and_context_window.jso
n.                                                                              
Traceback (most recent call last):                                              
  File                                                                          
"/gscratch/stf/rpande/lora-context-distillation/.venv/lib/python3.10/site-packag
es/litellm/utils.py", line 4917, in _get_model_info_helper                      
    raise ValueError(                                                           
ValueError: This model isn't mapped yet. Add it here -                          
https://github.com/BerriAI/litellm/blob/main/model_prices_and_context_window.jso
n                                                                               
                                                                                
During handling of the above exception, another exception occurred:             
                                                                                
Traceback (most recent call last):                                              
  File                                                                          
"/gscratch/stf/rpande/lora-context-distillation/.venv/lib/python3.10/site-packag
es/minisweagent/run/extra/swebench.py", line 152, in process_instance           
    exit_status, result = agent.run(task)                                       
  File                                                                          
"/gscratch/stf/rpande/lora-context-distillation/.venv/lib/python3.10/site-packag
es/minisweagent/agents/default.py", line 81, in run                             
    self.step()                                                                 
  File                                                                          
"/gscratch/stf/rpande/lora-context-distillation/.venv/lib/python3.10/site-packag
es/minisweagent/run/extra/swebench.py", line 66, in step                        
    return super().step()                                                       
  File                                                                          
"/gscratch/stf/rpande/lora-context-distillation/.venv/lib/python3.10/site-packag
es/minisweagent/agents/default.py", line 90, in step                            
    return self.get_observation(self.query())                                   
  File                                                                          
"/gscratch/stf/rpande/lora-context-distillation/.venv/lib/python3.10/site-packag
es/minisweagent/agents/default.py", line 96, in query                           
    response = self.model.query(self.messages)                                  
  File                                                                          
"/gscratch/stf/rpande/lora-context-distillation/.venv/lib/python3.10/site-packag
es/minisweagent/models/litellm_model.py", line 70, in query                     
    cost = litellm.cost_calculator.completion_cost(response)                    
  File                                                                          
"/gscratch/stf/rpande/lora-context-distillation/.venv/lib/python3.10/site-packag
es/litellm/cost_calculator.py", line 1163, in completion_cost                   
    raise e                                                                     
  File                                                                          
"/gscratch/stf/rpande/lora-context-distillation/.venv/lib/python3.10/site-packag
es/litellm/cost_calculator.py", line 1156, in completion_cost                   
    raise e                                                                     
  File                                                                          
"/gscratch/stf/rpande/lora-context-distillation/.venv/lib/python3.10/site-packag
es/litellm/cost_calculator.py", line 1095, in completion_cost                   
    ) = cost_per_token(                                                         
  File                                                                          
"/gscratch/stf/rpande/lora-context-distillation/.venv/lib/python3.10/site-packag
es/litellm/cost_calculator.py", line 407, in cost_per_token                     
    model_info = _cached_get_model_info_helper(                                 
  File                                                                          
"/gscratch/stf/rpande/lora-context-distillation/.venv/lib/python3.10/site-packag
es/litellm/utils.py", line 4769, in _cached_get_model_info_helper               
    return _get_model_info_helper(model=model,                                  
custom_llm_provider=custom_llm_provider)                                        
  File                                                                          
"/gscratch/stf/rpande/lora-context-distillation/.venv/lib/python3.10/site-packag
es/litellm/utils.py", line 5081, in _get_model_info_helper                      
    raise Exception(                                                            
Exception: This model isn't mapped yet.                                         
model=hosted_vllm/Qwen/Qwen3-30B-A3B-Thinking-2507,                             
custom_llm_provider=hosted_vllm. Add it here -                                  
https://github.com/BerriAI/litellm/blob/main/model_prices_and_context_window.jso
n.                                                                              
minisweagent: INFO: Saved trajectory to                                         
'runs/qwen3-32101988/swe/django__django-12325/django__django-12325.traj.json'   
minisweagent: ERROR: Error processing instance django__django-12406: This model 
isn't mapped yet. model=hosted_vllm/Qwen/Qwen3-30B-A3B-Thinking-2507,           
custom_llm_provider=hosted_vllm. Add it here -                                  
https://github.com/BerriAI/litellm/blob/main/model_prices_and_context_window.jso
n.                                                                              
Traceback (most recent call last):                                              
  File                                                                          
"/gscratch/stf/rpande/lora-context-distillation/.venv/lib/python3.10/site-packag
es/litellm/utils.py", line 4917, in _get_model_info_helper                      
    raise ValueError(                                                           
ValueError: This model isn't mapped yet. Add it here -                          
https://github.com/BerriAI/litellm/blob/main/model_prices_and_context_window.jso
n                                                                               
                                                                                
During handling of the above exception, another exception occurred:             
                                                                                
Traceback (most recent call last):                                              
  File                                                                          
"/gscratch/stf/rpande/lora-context-distillation/.venv/lib/python3.10/site-packag
es/minisweagent/run/extra/swebench.py", line 152, in process_instance           
    exit_status, result = agent.run(task)                                       
  File                                                                          
"/gscratch/stf/rpande/lora-context-distillation/.venv/lib/python3.10/site-packag
es/minisweagent/agents/default.py", line 81, in run                             
    self.step()                                                                 
  File                                                                          
"/gscratch/stf/rpande/lora-context-distillation/.venv/lib/python3.10/site-packag
es/minisweagent/run/extra/swebench.py", line 66, in step                        
    return super().step()                                                       
  File                                                                          
"/gscratch/stf/rpande/lora-context-distillation/.venv/lib/python3.10/site-packag
es/minisweagent/agents/default.py", line 90, in step                            
    return self.get_observation(self.query())                                   
  File                                                                          
"/gscratch/stf/rpande/lora-context-distillation/.venv/lib/python3.10/site-packag
es/minisweagent/agents/default.py", line 96, in query                           
    response = self.model.query(self.messages)                                  
  File                                                                          
"/gscratch/stf/rpande/lora-context-distillation/.venv/lib/python3.10/site-packag
es/minisweagent/models/litellm_model.py", line 70, in query                     
    cost = litellm.cost_calculator.completion_cost(response)                    
  File                                                                          
"/gscratch/stf/rpande/lora-context-distillation/.venv/lib/python3.10/site-packag
es/litellm/cost_calculator.py", line 1163, in completion_cost                   
    raise e                                                                     
  File                                                                          
"/gscratch/stf/rpande/lora-context-distillation/.venv/lib/python3.10/site-packag
es/litellm/cost_calculator.py", line 1156, in completion_cost                   
    raise e                                                                     
  File                                                                          
"/gscratch/stf/rpande/lora-context-distillation/.venv/lib/python3.10/site-packag
es/litellm/cost_calculator.py", line 1095, in completion_cost                   
    ) = cost_per_token(                                                         
  File                                                                          
"/gscratch/stf/rpande/lora-context-distillation/.venv/lib/python3.10/site-packag
es/litellm/cost_calculator.py", line 407, in cost_per_token                     
    model_info = _cached_get_model_info_helper(                                 
  File                                                                          
"/gscratch/stf/rpande/lora-context-distillation/.venv/lib/python3.10/site-packag
es/litellm/utils.py", line 4769, in _cached_get_model_info_helper               
    return _get_model_info_helper(model=model,                                  
custom_llm_provider=custom_llm_provider)                                        
  File                                                                          
"/gscratch/stf/rpande/lora-context-distillation/.venv/lib/python3.10/site-packag
es/litellm/utils.py", line 5081, in _get_model_info_helper                      
    raise Exception(                                                            
Exception: This model isn't mapped yet.                                         
model=hosted_vllm/Qwen/Qwen3-30B-A3B-Thinking-2507,                             
custom_llm_provider=hosted_vllm. Add it here -                                  
https://github.com/BerriAI/litellm/blob/main/model_prices_and_context_window.jso
n.                                                                              
minisweagent: INFO: Saved trajectory to                                         
'runs/qwen3-32101988/swe/django__django-12406/django__django-12406.traj.json'   
minisweagent: ERROR: Error processing instance django__django-12708: This model 
isn't mapped yet. model=hosted_vllm/Qwen/Qwen3-30B-A3B-Thinking-2507,           
custom_llm_provider=hosted_vllm. Add it here -                                  
https://github.com/BerriAI/litellm/blob/main/model_prices_and_context_window.jso
n.                                                                              
Traceback (most recent call last):                                              
  File                                                                          
"/gscratch/stf/rpande/lora-context-distillation/.venv/lib/python3.10/site-packag
es/litellm/utils.py", line 4917, in _get_model_info_helper                      
    raise ValueError(                                                           
ValueError: This model isn't mapped yet. Add it here -                          
https://github.com/BerriAI/litellm/blob/main/model_prices_and_context_window.jso
n                                                                               
                                                                                
During handling of the above exception, another exception occurred:             
                                                                                
Traceback (most recent call last):                                              
  File                                                                          
"/gscratch/stf/rpande/lora-context-distillation/.venv/lib/python3.10/site-packag
es/minisweagent/run/extra/swebench.py", line 152, in process_instance           
    exit_status, result = agent.run(task)                                       
  File                                                                          
"/gscratch/stf/rpande/lora-context-distillation/.venv/lib/python3.10/site-packag
es/minisweagent/agents/default.py", line 81, in run                             
    self.step()                                                                 
  File                                                                          
"/gscratch/stf/rpande/lora-context-distillation/.venv/lib/python3.10/site-packag
es/minisweagent/run/extra/swebench.py", line 66, in step                        
    return super().step()                                                       
  File                                                                          
"/gscratch/stf/rpande/lora-context-distillation/.venv/lib/python3.10/site-packag
es/minisweagent/agents/default.py", line 90, in step                            
    return self.get_observation(self.query())                                   
  File                                                                          
"/gscratch/stf/rpande/lora-context-distillation/.venv/lib/python3.10/site-packag
es/minisweagent/agents/default.py", line 96, in query                           
    response = self.model.query(self.messages)                                  
  File                                                                          
"/gscratch/stf/rpande/lora-context-distillation/.venv/lib/python3.10/site-packag
es/minisweagent/models/litellm_model.py", line 70, in query                     
    cost = litellm.cost_calculator.completion_cost(response)                    
  File                                                                          
"/gscratch/stf/rpande/lora-context-distillation/.venv/lib/python3.10/site-packag
es/litellm/cost_calculator.py", line 1163, in completion_cost                   
    raise e                                                                     
  File                                                                          
"/gscratch/stf/rpande/lora-context-distillation/.venv/lib/python3.10/site-packag
es/litellm/cost_calculator.py", line 1156, in completion_cost                   
    raise e                                                                     
  File                                                                          
"/gscratch/stf/rpande/lora-context-distillation/.venv/lib/python3.10/site-packag
es/litellm/cost_calculator.py", line 1095, in completion_cost                   
    ) = cost_per_token(                                                         
  File                                                                          
"/gscratch/stf/rpande/lora-context-distillation/.venv/lib/python3.10/site-packag
es/litellm/cost_calculator.py", line 407, in cost_per_token                     
    model_info = _cached_get_model_info_helper(                                 
  File                                                                          
"/gscratch/stf/rpande/lora-context-distillation/.venv/lib/python3.10/site-packag
es/litellm/utils.py", line 4769, in _cached_get_model_info_helper               
    return _get_model_info_helper(model=model,                                  
custom_llm_provider=custom_llm_provider)                                        
  File                                                                          
"/gscratch/stf/rpande/lora-context-distillation/.venv/lib/python3.10/site-packag
es/litellm/utils.py", line 5081, in _get_model_info_helper                      
    raise Exception(                                                            
Exception: This model isn't mapped yet.                                         
model=hosted_vllm/Qwen/Qwen3-30B-A3B-Thinking-2507,                             
custom_llm_provider=hosted_vllm. Add it here -                                  
https://github.com/BerriAI/litellm/blob/main/model_prices_and_context_window.jso
n.                                                                              
minisweagent: INFO: Saved trajectory to                                         
'runs/qwen3-32101988/swe/django__django-12708/django__django-12708.traj.json'   
minisweagent: ERROR: Error processing instance django__django-12713: This model 
isn't mapped yet. model=hosted_vllm/Qwen/Qwen3-30B-A3B-Thinking-2507,           
custom_llm_provider=hosted_vllm. Add it here -                                  
https://github.com/BerriAI/litellm/blob/main/model_prices_and_context_window.jso
n.                                                                              
Traceback (most recent call last):                                              
  File                                                                          
"/gscratch/stf/rpande/lora-context-distillation/.venv/lib/python3.10/site-packag
es/litellm/utils.py", line 4917, in _get_model_info_helper                      
    raise ValueError(                                                           
ValueError: This model isn't mapped yet. Add it here -                          
https://github.com/BerriAI/litellm/blob/main/model_prices_and_context_window.jso
n                                                                               
                                                                                
During handling of the above exception, another exception occurred:             
                                                                                
Traceback (most recent call last):                                              
  File                                                                          
"/gscratch/stf/rpande/lora-context-distillation/.venv/lib/python3.10/site-packag
es/minisweagent/run/extra/swebench.py", line 152, in process_instance           
    exit_status, result = agent.run(task)                                       
  File                                                                          
"/gscratch/stf/rpande/lora-context-distillation/.venv/lib/python3.10/site-packag
es/minisweagent/agents/default.py", line 81, in run                             
    self.step()                                                                 
  File                                                                          
"/gscratch/stf/rpande/lora-context-distillation/.venv/lib/python3.10/site-packag
es/minisweagent/run/extra/swebench.py", line 66, in step                        
    return super().step()                                                       
  File                                                                          
"/gscratch/stf/rpande/lora-context-distillation/.venv/lib/python3.10/site-packag
es/minisweagent/agents/default.py", line 90, in step                            
    return self.get_observation(self.query())                                   
  File                                                                          
"/gscratch/stf/rpande/lora-context-distillation/.venv/lib/python3.10/site-packag
es/minisweagent/agents/default.py", line 96, in query                           
    response = self.model.query(self.messages)                                  
  File                                                                          
"/gscratch/stf/rpande/lora-context-distillation/.venv/lib/python3.10/site-packag
es/minisweagent/models/litellm_model.py", line 70, in query                     
    cost = litellm.cost_calculator.completion_cost(response)                    
  File                                                                          
"/gscratch/stf/rpande/lora-context-distillation/.venv/lib/python3.10/site-packag
es/litellm/cost_calculator.py", line 1163, in completion_cost                   
    raise e                                                                     
  File                                                                          
"/gscratch/stf/rpande/lora-context-distillation/.venv/lib/python3.10/site-packag
es/litellm/cost_calculator.py", line 1156, in completion_cost                   
    raise e                                                                     
  File                                                                          
"/gscratch/stf/rpande/lora-context-distillation/.venv/lib/python3.10/site-packag
es/litellm/cost_calculator.py", line 1095, in completion_cost                   
    ) = cost_per_token(                                                         
  File                                                                          
"/gscratch/stf/rpande/lora-context-distillation/.venv/lib/python3.10/site-packag
es/litellm/cost_calculator.py", line 407, in cost_per_token                     
    model_info = _cached_get_model_info_helper(                                 
  File                                                                          
"/gscratch/stf/rpande/lora-context-distillation/.venv/lib/python3.10/site-packag
es/litellm/utils.py", line 4769, in _cached_get_model_info_helper               
    return _get_model_info_helper(model=model,                                  
custom_llm_provider=custom_llm_provider)                                        
  File                                                                          
"/gscratch/stf/rpande/lora-context-distillation/.venv/lib/python3.10/site-packag
es/litellm/utils.py", line 5081, in _get_model_info_helper                      
    raise Exception(                                                            
Exception: This model isn't mapped yet.                                         
model=hosted_vllm/Qwen/Qwen3-30B-A3B-Thinking-2507,                             
custom_llm_provider=hosted_vllm. Add it here -                                  
https://github.com/BerriAI/litellm/blob/main/model_prices_and_context_window.jso
n.                                                                              
minisweagent: INFO: Saved trajectory to                                         
'runs/qwen3-32101988/swe/django__django-12713/django__django-12713.traj.json'   
minisweagent: ERROR: Error processing instance django__django-12774: This model 
isn't mapped yet. model=hosted_vllm/Qwen/Qwen3-30B-A3B-Thinking-2507,           
custom_llm_provider=hosted_vllm. Add it here -                                  
https://github.com/BerriAI/litellm/blob/main/model_prices_and_context_window.jso
n.                                                                              
Traceback (most recent call last):                                              
  File                                                                          
"/gscratch/stf/rpande/lora-context-distillation/.venv/lib/python3.10/site-packag
es/litellm/utils.py", line 4917, in _get_model_info_helper                      
    raise ValueError(                                                           
ValueError: This model isn't mapped yet. Add it here -                          
https://github.com/BerriAI/litellm/blob/main/model_prices_and_context_window.jso
n                                                                               
                                                                                
During handling of the above exception, another exception occurred:             
                                                                                
Traceback (most recent call last):                                              
  File                                                                          
"/gscratch/stf/rpande/lora-context-distillation/.venv/lib/python3.10/site-packag
es/minisweagent/run/extra/swebench.py", line 152, in process_instance           
    exit_status, result = agent.run(task)                                       
  File                                                                          
"/gscratch/stf/rpande/lora-context-distillation/.venv/lib/python3.10/site-packag
es/minisweagent/agents/default.py", line 81, in run                             
    self.step()                                                                 
  File                                                                          
"/gscratch/stf/rpande/lora-context-distillation/.venv/lib/python3.10/site-packag
es/minisweagent/run/extra/swebench.py", line 66, in step                        
    return super().step()                                                       
  File                                                                          
"/gscratch/stf/rpande/lora-context-distillation/.venv/lib/python3.10/site-packag
es/minisweagent/agents/default.py", line 90, in step                            
    return self.get_observation(self.query())                                   
  File                                                                          
"/gscratch/stf/rpande/lora-context-distillation/.venv/lib/python3.10/site-packag
es/minisweagent/agents/default.py", line 96, in query                           
    response = self.model.query(self.messages)                                  
  File                                                                          
"/gscratch/stf/rpande/lora-context-distillation/.venv/lib/python3.10/site-packag
es/minisweagent/models/litellm_model.py", line 70, in query                     
    cost = litellm.cost_calculator.completion_cost(response)                    
  File                                                                          
"/gscratch/stf/rpande/lora-context-distillation/.venv/lib/python3.10/site-packag
es/litellm/cost_calculator.py", line 1163, in completion_cost                   
    raise e                                                                     
  File                                                                          
"/gscratch/stf/rpande/lora-context-distillation/.venv/lib/python3.10/site-packag
es/litellm/cost_calculator.py", line 1156, in completion_cost                   
    raise e                                                                     
  File                                                                          
"/gscratch/stf/rpande/lora-context-distillation/.venv/lib/python3.10/site-packag
es/litellm/cost_calculator.py", line 1095, in completion_cost                   
    ) = cost_per_token(                                                         
  File                                                                          
"/gscratch/stf/rpande/lora-context-distillation/.venv/lib/python3.10/site-packag
es/litellm/cost_calculator.py", line 407, in cost_per_token                     
    model_info = _cached_get_model_info_helper(                                 
  File                                                                          
"/gscratch/stf/rpande/lora-context-distillation/.venv/lib/python3.10/site-packag
es/litellm/utils.py", line 4769, in _cached_get_model_info_helper               
    return _get_model_info_helper(model=model,                                  
custom_llm_provider=custom_llm_provider)                                        
  File                                                                          
"/gscratch/stf/rpande/lora-context-distillation/.venv/lib/python3.10/site-packag
es/litellm/utils.py", line 5081, in _get_model_info_helper                      
    raise Exception(                                                            
Exception: This model isn't mapped yet.                                         
model=hosted_vllm/Qwen/Qwen3-30B-A3B-Thinking-2507,                             
custom_llm_provider=hosted_vllm. Add it here -                                  
https://github.com/BerriAI/litellm/blob/main/model_prices_and_context_window.jso
n.                                                                              
minisweagent: INFO: Saved trajectory to                                         
'runs/qwen3-32101988/swe/django__django-12774/django__django-12774.traj.json'   
minisweagent: ERROR: Error processing instance django__django-9296: This model  
isn't mapped yet. model=hosted_vllm/Qwen/Qwen3-30B-A3B-Thinking-2507,           
custom_llm_provider=hosted_vllm. Add it here -                                  
https://github.com/BerriAI/litellm/blob/main/model_prices_and_context_window.jso
n.                                                                              
Traceback (most recent call last):                                              
  File                                                                          
"/gscratch/stf/rpande/lora-context-distillation/.venv/lib/python3.10/site-packag
es/litellm/utils.py", line 4917, in _get_model_info_helper                      
    raise ValueError(                                                           
ValueError: This model isn't mapped yet. Add it here -                          
https://github.com/BerriAI/litellm/blob/main/model_prices_and_context_window.jso
n                                                                               
                                                                                
During handling of the above exception, another exception occurred:             
                                                                                
Traceback (most recent call last):                                              
  File                                                                          
"/gscratch/stf/rpande/lora-context-distillation/.venv/lib/python3.10/site-packag
es/minisweagent/run/extra/swebench.py", line 152, in process_instance           
    exit_status, result = agent.run(task)                                       
  File                                                                          
"/gscratch/stf/rpande/lora-context-distillation/.venv/lib/python3.10/site-packag
es/minisweagent/agents/default.py", line 81, in run                             
    self.step()                                                                 
  File                                                                          
"/gscratch/stf/rpande/lora-context-distillation/.venv/lib/python3.10/site-packag
es/minisweagent/run/extra/swebench.py", line 66, in step                        
    return super().step()                                                       
  File                                                                          
"/gscratch/stf/rpande/lora-context-distillation/.venv/lib/python3.10/site-packag
es/minisweagent/agents/default.py", line 90, in step                            
    return self.get_observation(self.query())                                   
  File                                                                          
"/gscratch/stf/rpande/lora-context-distillation/.venv/lib/python3.10/site-packag
es/minisweagent/agents/default.py", line 96, in query                           
    response = self.model.query(self.messages)                                  
  File                                                                          
"/gscratch/stf/rpande/lora-context-distillation/.venv/lib/python3.10/site-packag
es/minisweagent/models/litellm_model.py", line 70, in query                     
    cost = litellm.cost_calculator.completion_cost(response)                    
  File                                                                          
"/gscratch/stf/rpande/lora-context-distillation/.venv/lib/python3.10/site-packag
es/litellm/cost_calculator.py", line 1163, in completion_cost                   
    raise e                                                                     
  File                                                                          
"/gscratch/stf/rpande/lora-context-distillation/.venv/lib/python3.10/site-packag
es/litellm/cost_calculator.py", line 1156, in completion_cost                   
    raise e                                                                     
  File                                                                          
"/gscratch/stf/rpande/lora-context-distillation/.venv/lib/python3.10/site-packag
es/litellm/cost_calculator.py", line 1095, in completion_cost                   
    ) = cost_per_token(                                                         
  File                                                                          
"/gscratch/stf/rpande/lora-context-distillation/.venv/lib/python3.10/site-packag
es/litellm/cost_calculator.py", line 407, in cost_per_token                     
    model_info = _cached_get_model_info_helper(                                 
  File                                                                          
"/gscratch/stf/rpande/lora-context-distillation/.venv/lib/python3.10/site-packag
es/litellm/utils.py", line 4769, in _cached_get_model_info_helper               
    return _get_model_info_helper(model=model,                                  
custom_llm_provider=custom_llm_provider)                                        
  File                                                                          
"/gscratch/stf/rpande/lora-context-distillation/.venv/lib/python3.10/site-packag
es/litellm/utils.py", line 5081, in _get_model_info_helper                      
    raise Exception(                                                            
Exception: This model isn't mapped yet.                                         
model=hosted_vllm/Qwen/Qwen3-30B-A3B-Thinking-2507,                             
custom_llm_provider=hosted_vllm. Add it here -                                  
https://github.com/BerriAI/litellm/blob/main/model_prices_and_context_window.jso
n.                                                                              
minisweagent: INFO: Saved trajectory to                                         
'runs/qwen3-32101988/swe/django__django-9296/django__django-9296.traj.json'     
minisweagent: ERROR: Error processing instance sphinx-doc__sphinx-10323: This   
model isn't mapped yet. model=hosted_vllm/Qwen/Qwen3-30B-A3B-Thinking-2507,     
custom_llm_provider=hosted_vllm. Add it here -                                  
https://github.com/BerriAI/litellm/blob/main/model_prices_and_context_window.jso
n.                                                                              
Traceback (most recent call last):                                              
  File                                                                          
"/gscratch/stf/rpande/lora-context-distillation/.venv/lib/python3.10/site-packag
es/litellm/utils.py", line 4917, in _get_model_info_helper                      
    raise ValueError(                                                           
ValueError: This model isn't mapped yet. Add it here -                          
https://github.com/BerriAI/litellm/blob/main/model_prices_and_context_window.jso
n                                                                               
                                                                                
During handling of the above exception, another exception occurred:             
                                                                                
Traceback (most recent call last):                                              
  File                                                                          
"/gscratch/stf/rpande/lora-context-distillation/.venv/lib/python3.10/site-packag
es/minisweagent/run/extra/swebench.py", line 152, in process_instance           
    exit_status, result = agent.run(task)                                       
  File                                                                          
"/gscratch/stf/rpande/lora-context-distillation/.venv/lib/python3.10/site-packag
es/minisweagent/agents/default.py", line 81, in run                             
    self.step()                                                                 
  File                                                                          
"/gscratch/stf/rpande/lora-context-distillation/.venv/lib/python3.10/site-packag
es/minisweagent/run/extra/swebench.py", line 66, in step                        
    return super().step()                                                       
  File                                                                          
"/gscratch/stf/rpande/lora-context-distillation/.venv/lib/python3.10/site-packag
es/minisweagent/agents/default.py", line 90, in step                            
    return self.get_observation(self.query())                                   
  File                                                                          
"/gscratch/stf/rpande/lora-context-distillation/.venv/lib/python3.10/site-packag
es/minisweagent/agents/default.py", line 96, in query                           
    response = self.model.query(self.messages)                                  
  File                                                                          
"/gscratch/stf/rpande/lora-context-distillation/.venv/lib/python3.10/site-packag
es/minisweagent/models/litellm_model.py", line 70, in query                     
    cost = litellm.cost_calculator.completion_cost(response)                    
  File                                                                          
"/gscratch/stf/rpande/lora-context-distillation/.venv/lib/python3.10/site-packag
es/litellm/cost_calculator.py", line 1163, in completion_cost                   
    raise e                                                                     
  File                                                                          
"/gscratch/stf/rpande/lora-context-distillation/.venv/lib/python3.10/site-packag
es/litellm/cost_calculator.py", line 1156, in completion_cost                   
    raise e                                                                     
  File                                                                          
"/gscratch/stf/rpande/lora-context-distillation/.venv/lib/python3.10/site-packag
es/litellm/cost_calculator.py", line 1095, in completion_cost                   
    ) = cost_per_token(                                                         
  File                                                                          
"/gscratch/stf/rpande/lora-context-distillation/.venv/lib/python3.10/site-packag
es/litellm/cost_calculator.py", line 407, in cost_per_token                     
    model_info = _cached_get_model_info_helper(                                 
  File                                                                          
"/gscratch/stf/rpande/lora-context-distillation/.venv/lib/python3.10/site-packag
es/litellm/utils.py", line 4769, in _cached_get_model_info_helper               
    return _get_model_info_helper(model=model,                                  
custom_llm_provider=custom_llm_provider)                                        
  File                                                                          
"/gscratch/stf/rpande/lora-context-distillation/.venv/lib/python3.10/site-packag
es/litellm/utils.py", line 5081, in _get_model_info_helper                      
    raise Exception(                                                            
Exception: This model isn't mapped yet.                                         
model=hosted_vllm/Qwen/Qwen3-30B-A3B-Thinking-2507,                             
custom_llm_provider=hosted_vllm. Add it here -                                  
https://github.com/BerriAI/litellm/blob/main/model_prices_and_context_window.jso
n.                                                                              
minisweagent: INFO: Saved trajectory to                                         
'runs/qwen3-32101988/swe/sphinx-doc__sphinx-10323/sphinx-doc__sphinx-10323.traj.
json'                                                                           
minisweagent: ERROR: Error processing instance sphinx-doc__sphinx-10435: This   
model isn't mapped yet. model=hosted_vllm/Qwen/Qwen3-30B-A3B-Thinking-2507,     
custom_llm_provider=hosted_vllm. Add it here -                                  
https://github.com/BerriAI/litellm/blob/main/model_prices_and_context_window.jso
n.                                                                              
Traceback (most recent call last):                                              
  File                                                                          
"/gscratch/stf/rpande/lora-context-distillation/.venv/lib/python3.10/site-packag
es/litellm/utils.py", line 4917, in _get_model_info_helper                      
    raise ValueError(                                                           
ValueError: This model isn't mapped yet. Add it here -                          
https://github.com/BerriAI/litellm/blob/main/model_prices_and_context_window.jso
n                                                                               
                                                                                
During handling of the above exception, another exception occurred:             
                                                                                
Traceback (most recent call last):                                              
  File                                                                          
"/gscratch/stf/rpande/lora-context-distillation/.venv/lib/python3.10/site-packag
es/minisweagent/run/extra/swebench.py", line 152, in process_instance           
    exit_status, result = agent.run(task)                                       
  File                                                                          
"/gscratch/stf/rpande/lora-context-distillation/.venv/lib/python3.10/site-packag
es/minisweagent/agents/default.py", line 81, in run                             
    self.step()                                                                 
  File                                                                          
"/gscratch/stf/rpande/lora-context-distillation/.venv/lib/python3.10/site-packag
es/minisweagent/run/extra/swebench.py", line 66, in step                        
    return super().step()                                                       
  File                                                                          
"/gscratch/stf/rpande/lora-context-distillation/.venv/lib/python3.10/site-packag
es/minisweagent/agents/default.py", line 90, in step                            
    return self.get_observation(self.query())                                   
  File                                                                          
"/gscratch/stf/rpande/lora-context-distillation/.venv/lib/python3.10/site-packag
es/minisweagent/agents/default.py", line 96, in query                           
    response = self.model.query(self.messages)                                  
  File                                                                          
"/gscratch/stf/rpande/lora-context-distillation/.venv/lib/python3.10/site-packag
es/minisweagent/models/litellm_model.py", line 70, in query                     
    cost = litellm.cost_calculator.completion_cost(response)                    
  File                                                                          
"/gscratch/stf/rpande/lora-context-distillation/.venv/lib/python3.10/site-packag
es/litellm/cost_calculator.py", line 1163, in completion_cost                   
    raise e                                                                     
  File                                                                          
"/gscratch/stf/rpande/lora-context-distillation/.venv/lib/python3.10/site-packag
es/litellm/cost_calculator.py", line 1156, in completion_cost                   
    raise e                                                                     
  File                                                                          
"/gscratch/stf/rpande/lora-context-distillation/.venv/lib/python3.10/site-packag
es/litellm/cost_calculator.py", line 1095, in completion_cost                   
    ) = cost_per_token(                                                         
  File                                                                          
"/gscratch/stf/rpande/lora-context-distillation/.venv/lib/python3.10/site-packag
es/litellm/cost_calculator.py", line 407, in cost_per_token                     
    model_info = _cached_get_model_info_helper(                                 
  File                                                                          
"/gscratch/stf/rpande/lora-context-distillation/.venv/lib/python3.10/site-packag
es/litellm/utils.py", line 4769, in _cached_get_model_info_helper               
    return _get_model_info_helper(model=model,                                  
custom_llm_provider=custom_llm_provider)                                        
  File                                                                          
"/gscratch/stf/rpande/lora-context-distillation/.venv/lib/python3.10/site-packag
es/litellm/utils.py", line 5081, in _get_model_info_helper                      
    raise Exception(                                                            
Exception: This model isn't mapped yet.                                         
model=hosted_vllm/Qwen/Qwen3-30B-A3B-Thinking-2507,                             
custom_llm_provider=hosted_vllm. Add it here -                                  
https://github.com/BerriAI/litellm/blob/main/model_prices_and_context_window.jso
n.                                                                              
minisweagent: INFO: Saved trajectory to                                         
'runs/qwen3-32101988/swe/sphinx-doc__sphinx-10435/sphinx-doc__sphinx-10435.traj.
json'                                                                           
minisweagent: ERROR: Error processing instance sphinx-doc__sphinx-10466: This   
model isn't mapped yet. model=hosted_vllm/Qwen/Qwen3-30B-A3B-Thinking-2507,     
custom_llm_provider=hosted_vllm. Add it here -                                  
https://github.com/BerriAI/litellm/blob/main/model_prices_and_context_window.jso
n.                                                                              
Traceback (most recent call last):                                              
  File                                                                          
"/gscratch/stf/rpande/lora-context-distillation/.venv/lib/python3.10/site-packag
es/litellm/utils.py", line 4917, in _get_model_info_helper                      
    raise ValueError(                                                           
ValueError: This model isn't mapped yet. Add it here -                          
https://github.com/BerriAI/litellm/blob/main/model_prices_and_context_window.jso
n                                                                               
                                                                                
During handling of the above exception, another exception occurred:             
                                                                                
Traceback (most recent call last):                                              
  File                                                                          
"/gscratch/stf/rpande/lora-context-distillation/.venv/lib/python3.10/site-packag
es/minisweagent/run/extra/swebench.py", line 152, in process_instance           
    exit_status, result = agent.run(task)                                       
  File                                                                          
"/gscratch/stf/rpande/lora-context-distillation/.venv/lib/python3.10/site-packag
es/minisweagent/agents/default.py", line 81, in run                             
    self.step()                                                                 
  File                                                                          
"/gscratch/stf/rpande/lora-context-distillation/.venv/lib/python3.10/site-packag
es/minisweagent/run/extra/swebench.py", line 66, in step                        
    return super().step()                                                       
  File                                                                          
"/gscratch/stf/rpande/lora-context-distillation/.venv/lib/python3.10/site-packag
es/minisweagent/agents/default.py", line 90, in step                            
    return self.get_observation(self.query())                                   
  File                                                                          
"/gscratch/stf/rpande/lora-context-distillation/.venv/lib/python3.10/site-packag
es/minisweagent/agents/default.py", line 96, in query                           
    response = self.model.query(self.messages)                                  
  File                                                                          
"/gscratch/stf/rpande/lora-context-distillation/.venv/lib/python3.10/site-packag
es/minisweagent/models/litellm_model.py", line 70, in query                     
    cost = litellm.cost_calculator.completion_cost(response)                    
  File                                                                          
"/gscratch/stf/rpande/lora-context-distillation/.venv/lib/python3.10/site-packag
es/litellm/cost_calculator.py", line 1163, in completion_cost                   
    raise e                                                                     
  File                                                                          
"/gscratch/stf/rpande/lora-context-distillation/.venv/lib/python3.10/site-packag
es/litellm/cost_calculator.py", line 1156, in completion_cost                   
    raise e                                                                     
  File                                                                          
"/gscratch/stf/rpande/lora-context-distillation/.venv/lib/python3.10/site-packag
es/litellm/cost_calculator.py", line 1095, in completion_cost                   
    ) = cost_per_token(                                                         
  File                                                                          
"/gscratch/stf/rpande/lora-context-distillation/.venv/lib/python3.10/site-packag
es/litellm/cost_calculator.py", line 407, in cost_per_token                     
    model_info = _cached_get_model_info_helper(                                 
  File                                                                          
"/gscratch/stf/rpande/lora-context-distillation/.venv/lib/python3.10/site-packag
es/litellm/utils.py", line 4769, in _cached_get_model_info_helper               
    return _get_model_info_helper(model=model,                                  
custom_llm_provider=custom_llm_provider)                                        
  File                                                                          
"/gscratch/stf/rpande/lora-context-distillation/.venv/lib/python3.10/site-packag
es/litellm/utils.py", line 5081, in _get_model_info_helper                      
    raise Exception(                                                            
Exception: This model isn't mapped yet.                                         
model=hosted_vllm/Qwen/Qwen3-30B-A3B-Thinking-2507,                             
custom_llm_provider=hosted_vllm. Add it here -                                  
https://github.com/BerriAI/litellm/blob/main/model_prices_and_context_window.jso
n.                                                                              
minisweagent: INFO: Saved trajectory to                                         
'runs/qwen3-32101988/swe/sphinx-doc__sphinx-10466/sphinx-doc__sphinx-10466.traj.
json'                                                                           
minisweagent: ERROR: Error processing instance sphinx-doc__sphinx-10673: This   
model isn't mapped yet. model=hosted_vllm/Qwen/Qwen3-30B-A3B-Thinking-2507,     
custom_llm_provider=hosted_vllm. Add it here -                                  
https://github.com/BerriAI/litellm/blob/main/model_prices_and_context_window.jso
n.                                                                              
Traceback (most recent call last):                                              
  File                                                                          
"/gscratch/stf/rpande/lora-context-distillation/.venv/lib/python3.10/site-packag
es/litellm/utils.py", line 4917, in _get_model_info_helper                      
    raise ValueError(                                                           
ValueError: This model isn't mapped yet. Add it here -                          
https://github.com/BerriAI/litellm/blob/main/model_prices_and_context_window.jso
n                                                                               
                                                                                
During handling of the above exception, another exception occurred:             
                                                                                
Traceback (most recent call last):                                              
  File                                                                          
"/gscratch/stf/rpande/lora-context-distillation/.venv/lib/python3.10/site-packag
es/minisweagent/run/extra/swebench.py", line 152, in process_instance           
    exit_status, result = agent.run(task)                                       
  File                                                                          
"/gscratch/stf/rpande/lora-context-distillation/.venv/lib/python3.10/site-packag
es/minisweagent/agents/default.py", line 81, in run                             
    self.step()                                                                 
  File                                                                          
"/gscratch/stf/rpande/lora-context-distillation/.venv/lib/python3.10/site-packag
es/minisweagent/run/extra/swebench.py", line 66, in step                        
    return super().step()                                                       
  File                                                                          
"/gscratch/stf/rpande/lora-context-distillation/.venv/lib/python3.10/site-packag
es/minisweagent/agents/default.py", line 90, in step                            
    return self.get_observation(self.query())                                   
  File                                                                          
"/gscratch/stf/rpande/lora-context-distillation/.venv/lib/python3.10/site-packag
es/minisweagent/agents/default.py", line 96, in query                           
    response = self.model.query(self.messages)                                  
  File                                                                          
"/gscratch/stf/rpande/lora-context-distillation/.venv/lib/python3.10/site-packag
es/minisweagent/models/litellm_model.py", line 70, in query                     
    cost = litellm.cost_calculator.completion_cost(response)                    
  File                                                                          
"/gscratch/stf/rpande/lora-context-distillation/.venv/lib/python3.10/site-packag
es/litellm/cost_calculator.py", line 1163, in completion_cost                   
    raise e                                                                     
  File                                                                          
"/gscratch/stf/rpande/lora-context-distillation/.venv/lib/python3.10/site-packag
es/litellm/cost_calculator.py", line 1156, in completion_cost                   
    raise e                                                                     
  File                                                                          
"/gscratch/stf/rpande/lora-context-distillation/.venv/lib/python3.10/site-packag
es/litellm/cost_calculator.py", line 1095, in completion_cost                   
    ) = cost_per_token(                                                         
  File                                                                          
"/gscratch/stf/rpande/lora-context-distillation/.venv/lib/python3.10/site-packag
es/litellm/cost_calculator.py", line 407, in cost_per_token                     
    model_info = _cached_get_model_info_helper(                                 
  File                                                                          
"/gscratch/stf/rpande/lora-context-distillation/.venv/lib/python3.10/site-packag
es/litellm/utils.py", line 4769, in _cached_get_model_info_helper               
    return _get_model_info_helper(model=model,                                  
custom_llm_provider=custom_llm_provider)                                        
  File                                                                          
"/gscratch/stf/rpande/lora-context-distillation/.venv/lib/python3.10/site-packag
es/litellm/utils.py", line 5081, in _get_model_info_helper                      
    raise Exception(                                                            
Exception: This model isn't mapped yet.                                         
model=hosted_vllm/Qwen/Qwen3-30B-A3B-Thinking-2507,                             
custom_llm_provider=hosted_vllm. Add it here -                                  
https://github.com/BerriAI/litellm/blob/main/model_prices_and_context_window.jso
n.                                                                              
minisweagent: INFO: Saved trajectory to                                         
'runs/qwen3-32101988/swe/sphinx-doc__sphinx-10673/sphinx-doc__sphinx-10673.traj.
json'                                                                           
minisweagent: ERROR: Error processing instance sphinx-doc__sphinx-11510: This   
model isn't mapped yet. model=hosted_vllm/Qwen/Qwen3-30B-A3B-Thinking-2507,     
custom_llm_provider=hosted_vllm. Add it here -                                  
https://github.com/BerriAI/litellm/blob/main/model_prices_and_context_window.jso
n.                                                                              
Traceback (most recent call last):                                              
  File                                                                          
"/gscratch/stf/rpande/lora-context-distillation/.venv/lib/python3.10/site-packag
es/litellm/utils.py", line 4917, in _get_model_info_helper                      
    raise ValueError(                                                           
ValueError: This model isn't mapped yet. Add it here -                          
https://github.com/BerriAI/litellm/blob/main/model_prices_and_context_window.jso
n                                                                               
                                                                                
During handling of the above exception, another exception occurred:             
                                                                                
Traceback (most recent call last):                                              
  File                                                                          
"/gscratch/stf/rpande/lora-context-distillation/.venv/lib/python3.10/site-packag
es/minisweagent/run/extra/swebench.py", line 152, in process_instance           
    exit_status, result = agent.run(task)                                       
  File                                                                          
"/gscratch/stf/rpande/lora-context-distillation/.venv/lib/python3.10/site-packag
es/minisweagent/agents/default.py", line 81, in run                             
    self.step()                                                                 
  File                                                                          
"/gscratch/stf/rpande/lora-context-distillation/.venv/lib/python3.10/site-packag
es/minisweagent/run/extra/swebench.py", line 66, in step                        
    return super().step()                                                       
  File                                                                          
"/gscratch/stf/rpande/lora-context-distillation/.venv/lib/python3.10/site-packag
es/minisweagent/agents/default.py", line 90, in step                            
    return self.get_observation(self.query())                                   
  File                                                                          
"/gscratch/stf/rpande/lora-context-distillation/.venv/lib/python3.10/site-packag
es/minisweagent/agents/default.py", line 96, in query                           
    response = self.model.query(self.messages)                                  
  File                                                                          
"/gscratch/stf/rpande/lora-context-distillation/.venv/lib/python3.10/site-packag
es/minisweagent/models/litellm_model.py", line 70, in query                     
    cost = litellm.cost_calculator.completion_cost(response)                    
  File                                                                          
"/gscratch/stf/rpande/lora-context-distillation/.venv/lib/python3.10/site-packag
es/litellm/cost_calculator.py", line 1163, in completion_cost                   
    raise e                                                                     
  File                                                                          
"/gscratch/stf/rpande/lora-context-distillation/.venv/lib/python3.10/site-packag
es/litellm/cost_calculator.py", line 1156, in completion_cost                   
    raise e                                                                     
  File                                                                          
"/gscratch/stf/rpande/lora-context-distillation/.venv/lib/python3.10/site-packag
es/litellm/cost_calculator.py", line 1095, in completion_cost                   
    ) = cost_per_token(                                                         
  File                                                                          
"/gscratch/stf/rpande/lora-context-distillation/.venv/lib/python3.10/site-packag
es/litellm/cost_calculator.py", line 407, in cost_per_token                     
    model_info = _cached_get_model_info_helper(                                 
  File                                                                          
"/gscratch/stf/rpande/lora-context-distillation/.venv/lib/python3.10/site-packag
es/litellm/utils.py", line 4769, in _cached_get_model_info_helper               
    return _get_model_info_helper(model=model,                                  
custom_llm_provider=custom_llm_provider)                                        
  File                                                                          
"/gscratch/stf/rpande/lora-context-distillation/.venv/lib/python3.10/site-packag
es/litellm/utils.py", line 5081, in _get_model_info_helper                      
    raise Exception(                                                            
Exception: This model isn't mapped yet.                                         
model=hosted_vllm/Qwen/Qwen3-30B-A3B-Thinking-2507,                             
custom_llm_provider=hosted_vllm. Add it here -                                  
https://github.com/BerriAI/litellm/blob/main/model_prices_and_context_window.jso
n.                                                                              
minisweagent: INFO: Saved trajectory to                                         
'runs/qwen3-32101988/swe/sphinx-doc__sphinx-11510/sphinx-doc__sphinx-11510.traj.
json'                                                                           
minisweagent: ERROR: Error processing instance sphinx-doc__sphinx-7590: This    
model isn't mapped yet. model=hosted_vllm/Qwen/Qwen3-30B-A3B-Thinking-2507,     
custom_llm_provider=hosted_vllm. Add it here -                                  
https://github.com/BerriAI/litellm/blob/main/model_prices_and_context_window.jso
n.                                                                              
Traceback (most recent call last):                                              
  File                                                                          
"/gscratch/stf/rpande/lora-context-distillation/.venv/lib/python3.10/site-packag
es/litellm/utils.py", line 4917, in _get_model_info_helper                      
    raise ValueError(                                                           
ValueError: This model isn't mapped yet. Add it here -                          
https://github.com/BerriAI/litellm/blob/main/model_prices_and_context_window.jso
n                                                                               
                                                                                
During handling of the above exception, another exception occurred:             
                                                                                
Traceback (most recent call last):                                              
  File                                                                          
"/gscratch/stf/rpande/lora-context-distillation/.venv/lib/python3.10/site-packag
es/minisweagent/run/extra/swebench.py", line 152, in process_instance           
    exit_status, result = agent.run(task)                                       
  File                                                                          
"/gscratch/stf/rpande/lora-context-distillation/.venv/lib/python3.10/site-packag
es/minisweagent/agents/default.py", line 81, in run                             
    self.step()                                                                 
  File                                                                          
"/gscratch/stf/rpande/lora-context-distillation/.venv/lib/python3.10/site-packag
es/minisweagent/run/extra/swebench.py", line 66, in step                        
    return super().step()                                                       
  File                                                                          
"/gscratch/stf/rpande/lora-context-distillation/.venv/lib/python3.10/site-packag
es/minisweagent/agents/default.py", line 90, in step                            
    return self.get_observation(self.query())                                   
  File                                                                          
"/gscratch/stf/rpande/lora-context-distillation/.venv/lib/python3.10/site-packag
es/minisweagent/agents/default.py", line 96, in query                           
    response = self.model.query(self.messages)                                  
  File                                                                          
"/gscratch/stf/rpande/lora-context-distillation/.venv/lib/python3.10/site-packag
es/minisweagent/models/litellm_model.py", line 70, in query                     
    cost = litellm.cost_calculator.completion_cost(response)                    
  File                                                                          
"/gscratch/stf/rpande/lora-context-distillation/.venv/lib/python3.10/site-packag
es/litellm/cost_calculator.py", line 1163, in completion_cost                   
    raise e                                                                     
  File                                                                          
"/gscratch/stf/rpande/lora-context-distillation/.venv/lib/python3.10/site-packag
es/litellm/cost_calculator.py", line 1156, in completion_cost                   
    raise e                                                                     
  File                                                                          
"/gscratch/stf/rpande/lora-context-distillation/.venv/lib/python3.10/site-packag
es/litellm/cost_calculator.py", line 1095, in completion_cost                   
    ) = cost_per_token(                                                         
  File                                                                          
"/gscratch/stf/rpande/lora-context-distillation/.venv/lib/python3.10/site-packag
es/litellm/cost_calculator.py", line 407, in cost_per_token                     
    model_info = _cached_get_model_info_helper(                                 
  File                                                                          
"/gscratch/stf/rpande/lora-context-distillation/.venv/lib/python3.10/site-packag
es/litellm/utils.py", line 4769, in _cached_get_model_info_helper               
    return _get_model_info_helper(model=model,                                  
custom_llm_provider=custom_llm_provider)                                        
  File                                                                          
"/gscratch/stf/rpande/lora-context-distillation/.venv/lib/python3.10/site-packag
es/litellm/utils.py", line 5081, in _get_model_info_helper                      
    raise Exception(                                                            
Exception: This model isn't mapped yet.                                         
model=hosted_vllm/Qwen/Qwen3-30B-A3B-Thinking-2507,                             
custom_llm_provider=hosted_vllm. Add it here -                                  
https://github.com/BerriAI/litellm/blob/main/model_prices_and_context_window.jso
n.                                                                              
minisweagent: INFO: Saved trajectory to                                         
'runs/qwen3-32101988/swe/sphinx-doc__sphinx-7590/sphinx-doc__sphinx-7590.traj.js
on'                                                                             
minisweagent: ERROR: Error processing instance sphinx-doc__sphinx-7748: This    
model isn't mapped yet. model=hosted_vllm/Qwen/Qwen3-30B-A3B-Thinking-2507,     
custom_llm_provider=hosted_vllm. Add it here -                                  
https://github.com/BerriAI/litellm/blob/main/model_prices_and_context_window.jso
n.                                                                              
Traceback (most recent call last):                                              
  File                                                                          
"/gscratch/stf/rpande/lora-context-distillation/.venv/lib/python3.10/site-packag
es/litellm/utils.py", line 4917, in _get_model_info_helper                      
    raise ValueError(                                                           
ValueError: This model isn't mapped yet. Add it here -                          
https://github.com/BerriAI/litellm/blob/main/model_prices_and_context_window.jso
n                                                                               
                                                                                
During handling of the above exception, another exception occurred:             
                                                                                
Traceback (most recent call last):                                              
  File                                                                          
"/gscratch/stf/rpande/lora-context-distillation/.venv/lib/python3.10/site-packag
es/minisweagent/run/extra/swebench.py", line 152, in process_instance           
    exit_status, result = agent.run(task)                                       
  File                                                                          
"/gscratch/stf/rpande/lora-context-distillation/.venv/lib/python3.10/site-packag
es/minisweagent/agents/default.py", line 81, in run                             
    self.step()                                                                 
  File                                                                          
"/gscratch/stf/rpande/lora-context-distillation/.venv/lib/python3.10/site-packag
es/minisweagent/run/extra/swebench.py", line 66, in step                        
    return super().step()                                                       
  File                                                                          
"/gscratch/stf/rpande/lora-context-distillation/.venv/lib/python3.10/site-packag
es/minisweagent/agents/default.py", line 90, in step                            
    return self.get_observation(self.query())                                   
  File                                                                          
"/gscratch/stf/rpande/lora-context-distillation/.venv/lib/python3.10/site-packag
es/minisweagent/agents/default.py", line 96, in query                           
    response = self.model.query(self.messages)                                  
  File                                                                          
"/gscratch/stf/rpande/lora-context-distillation/.venv/lib/python3.10/site-packag
es/minisweagent/models/litellm_model.py", line 70, in query                     
    cost = litellm.cost_calculator.completion_cost(response)                    
  File                                                                          
"/gscratch/stf/rpande/lora-context-distillation/.venv/lib/python3.10/site-packag
es/litellm/cost_calculator.py", line 1163, in completion_cost                   
    raise e                                                                     
  File                                                                          
"/gscratch/stf/rpande/lora-context-distillation/.venv/lib/python3.10/site-packag
es/litellm/cost_calculator.py", line 1156, in completion_cost                   
    raise e                                                                     
  File                                                                          
"/gscratch/stf/rpande/lora-context-distillation/.venv/lib/python3.10/site-packag
es/litellm/cost_calculator.py", line 1095, in completion_cost                   
    ) = cost_per_token(                                                         
  File                                                                          
"/gscratch/stf/rpande/lora-context-distillation/.venv/lib/python3.10/site-packag
es/litellm/cost_calculator.py", line 407, in cost_per_token                     
    model_info = _cached_get_model_info_helper(                                 
  File                                                                          
"/gscratch/stf/rpande/lora-context-distillation/.venv/lib/python3.10/site-packag
es/litellm/utils.py", line 4769, in _cached_get_model_info_helper               
    return _get_model_info_helper(model=model,                                  
custom_llm_provider=custom_llm_provider)                                        
  File                                                                          
"/gscratch/stf/rpande/lora-context-distillation/.venv/lib/python3.10/site-packag
es/litellm/utils.py", line 5081, in _get_model_info_helper                      
    raise Exception(                                                            
Exception: This model isn't mapped yet.                                         
model=hosted_vllm/Qwen/Qwen3-30B-A3B-Thinking-2507,                             
custom_llm_provider=hosted_vllm. Add it here -                                  
https://github.com/BerriAI/litellm/blob/main/model_prices_and_context_window.jso
n.                                                                              
minisweagent: INFO: Saved trajectory to                                         
'runs/qwen3-32101988/swe/sphinx-doc__sphinx-7748/sphinx-doc__sphinx-7748.traj.js
on'                                                                             
[warn] sync failed for runs/qwen3-32101988/swe/exit_statuses_1767594602.8244002.yaml: 502 Server Error: Bad Gateway for url: https://huggingface.co/api/datasets/oof-baroomf/swe-mini-traces-qwen3-32101988/commit/main
minisweagent: ERROR: Error processing instance sphinx-doc__sphinx-7757: This    
model isn't mapped yet. model=hosted_vllm/Qwen/Qwen3-30B-A3B-Thinking-2507,     
custom_llm_provider=hosted_vllm. Add it here -                                  
https://github.com/BerriAI/litellm/blob/main/model_prices_and_context_window.jso
n.                                                                              
Traceback (most recent call last):                                              
  File                                                                          
"/gscratch/stf/rpande/lora-context-distillation/.venv/lib/python3.10/site-packag
es/litellm/utils.py", line 4917, in _get_model_info_helper                      
    raise ValueError(                                                           
ValueError: This model isn't mapped yet. Add it here -                          
https://github.com/BerriAI/litellm/blob/main/model_prices_and_context_window.jso
n                                                                               
                                                                                
During handling of the above exception, another exception occurred:             
                                                                                
Traceback (most recent call last):                                              
  File                                                                          
"/gscratch/stf/rpande/lora-context-distillation/.venv/lib/python3.10/site-packag
es/minisweagent/run/extra/swebench.py", line 152, in process_instance           
    exit_status, result = agent.run(task)                                       
  File                                                                          
"/gscratch/stf/rpande/lora-context-distillation/.venv/lib/python3.10/site-packag
es/minisweagent/agents/default.py", line 81, in run                             
    self.step()                                                                 
  File                                                                          
"/gscratch/stf/rpande/lora-context-distillation/.venv/lib/python3.10/site-packag
es/minisweagent/run/extra/swebench.py", line 66, in step                        
    return super().step()                                                       
  File                                                                          
"/gscratch/stf/rpande/lora-context-distillation/.venv/lib/python3.10/site-packag
es/minisweagent/agents/default.py", line 90, in step                            
    return self.get_observation(self.query())                                   
  File                                                                          
"/gscratch/stf/rpande/lora-context-distillation/.venv/lib/python3.10/site-packag
es/minisweagent/agents/default.py", line 96, in query                           
    response = self.model.query(self.messages)                                  
  File                                                                          
"/gscratch/stf/rpande/lora-context-distillation/.venv/lib/python3.10/site-packag
es/minisweagent/models/litellm_model.py", line 70, in query                     
    cost = litellm.cost_calculator.completion_cost(response)                    
  File                                                                          
"/gscratch/stf/rpande/lora-context-distillation/.venv/lib/python3.10/site-packag
es/litellm/cost_calculator.py", line 1163, in completion_cost                   
    raise e                                                                     
  File                                                                          
"/gscratch/stf/rpande/lora-context-distillation/.venv/lib/python3.10/site-packag
es/litellm/cost_calculator.py", line 1156, in completion_cost                   
    raise e                                                                     
  File                                                                          
"/gscratch/stf/rpande/lora-context-distillation/.venv/lib/python3.10/site-packag
es/litellm/cost_calculator.py", line 1095, in completion_cost                   
    ) = cost_per_token(                                                         
  File                                                                          
"/gscratch/stf/rpande/lora-context-distillation/.venv/lib/python3.10/site-packag
es/litellm/cost_calculator.py", line 407, in cost_per_token                     
    model_info = _cached_get_model_info_helper(                                 
  File                                                                          
"/gscratch/stf/rpande/lora-context-distillation/.venv/lib/python3.10/site-packag
es/litellm/utils.py", line 4769, in _cached_get_model_info_helper               
    return _get_model_info_helper(model=model,                                  
custom_llm_provider=custom_llm_provider)                                        
  File                                                                          
"/gscratch/stf/rpande/lora-context-distillation/.venv/lib/python3.10/site-packag
es/litellm/utils.py", line 5081, in _get_model_info_helper                      
    raise Exception(                                                            
Exception: This model isn't mapped yet.                                         
model=hosted_vllm/Qwen/Qwen3-30B-A3B-Thinking-2507,                             
custom_llm_provider=hosted_vllm. Add it here -                                  
https://github.com/BerriAI/litellm/blob/main/model_prices_and_context_window.jso
n.                                                                              
minisweagent: INFO: Saved trajectory to                                         
'runs/qwen3-32101988/swe/sphinx-doc__sphinx-7757/sphinx-doc__sphinx-7757.traj.js
on'                                                                             
minisweagent: ERROR: Error processing instance sphinx-doc__sphinx-7985: This    
model isn't mapped yet. model=hosted_vllm/Qwen/Qwen3-30B-A3B-Thinking-2507,     
custom_llm_provider=hosted_vllm. Add it here -                                  
https://github.com/BerriAI/litellm/blob/main/model_prices_and_context_window.jso
n.                                                                              
Traceback (most recent call last):                                              
  File                                                                          
"/gscratch/stf/rpande/lora-context-distillation/.venv/lib/python3.10/site-packag
es/litellm/utils.py", line 4917, in _get_model_info_helper                      
    raise ValueError(                                                           
ValueError: This model isn't mapped yet. Add it here -                          
https://github.com/BerriAI/litellm/blob/main/model_prices_and_context_window.jso
n                                                                               
                                                                                
During handling of the above exception, another exception occurred:             
                                                                                
Traceback (most recent call last):                                              
  File                                                                          
"/gscratch/stf/rpande/lora-context-distillation/.venv/lib/python3.10/site-packag
es/minisweagent/run/extra/swebench.py", line 152, in process_instance           
    exit_status, result = agent.run(task)                                       
  File                                                                          
"/gscratch/stf/rpande/lora-context-distillation/.venv/lib/python3.10/site-packag
es/minisweagent/agents/default.py", line 81, in run                             
    self.step()                                                                 
  File                                                                          
"/gscratch/stf/rpande/lora-context-distillation/.venv/lib/python3.10/site-packag
es/minisweagent/run/extra/swebench.py", line 66, in step                        
    return super().step()                                                       
  File                                                                          
"/gscratch/stf/rpande/lora-context-distillation/.venv/lib/python3.10/site-packag
es/minisweagent/agents/default.py", line 90, in step                            
    return self.get_observation(self.query())                                   
  File                                                                          
"/gscratch/stf/rpande/lora-context-distillation/.venv/lib/python3.10/site-packag
es/minisweagent/agents/default.py", line 96, in query                           
    response = self.model.query(self.messages)                                  
  File                                                                          
"/gscratch/stf/rpande/lora-context-distillation/.venv/lib/python3.10/site-packag
es/minisweagent/models/litellm_model.py", line 70, in query                     
    cost = litellm.cost_calculator.completion_cost(response)                    
  File                                                                          
"/gscratch/stf/rpande/lora-context-distillation/.venv/lib/python3.10/site-packag
es/litellm/cost_calculator.py", line 1163, in completion_cost                   
    raise e                                                                     
  File                                                                          
"/gscratch/stf/rpande/lora-context-distillation/.venv/lib/python3.10/site-packag
es/litellm/cost_calculator.py", line 1156, in completion_cost                   
    raise e                                                                     
  File                                                                          
"/gscratch/stf/rpande/lora-context-distillation/.venv/lib/python3.10/site-packag
es/litellm/cost_calculator.py", line 1095, in completion_cost                   
    ) = cost_per_token(                                                         
  File                                                                          
"/gscratch/stf/rpande/lora-context-distillation/.venv/lib/python3.10/site-packag
es/litellm/cost_calculator.py", line 407, in cost_per_token                     
    model_info = _cached_get_model_info_helper(                                 
  File                                                                          
"/gscratch/stf/rpande/lora-context-distillation/.venv/lib/python3.10/site-packag
es/litellm/utils.py", line 4769, in _cached_get_model_info_helper               
    return _get_model_info_helper(model=model,                                  
custom_llm_provider=custom_llm_provider)                                        
  File                                                                          
"/gscratch/stf/rpande/lora-context-distillation/.venv/lib/python3.10/site-packag
es/litellm/utils.py", line 5081, in _get_model_info_helper                      
    raise Exception(                                                            
Exception: This model isn't mapped yet.                                         
model=hosted_vllm/Qwen/Qwen3-30B-A3B-Thinking-2507,                             
custom_llm_provider=hosted_vllm. Add it here -                                  
https://github.com/BerriAI/litellm/blob/main/model_prices_and_context_window.jso
n.                                                                              
minisweagent: INFO: Saved trajectory to                                         
'runs/qwen3-32101988/swe/sphinx-doc__sphinx-7985/sphinx-doc__sphinx-7985.traj.js
on'                                                                             
minisweagent: ERROR: Error processing instance sphinx-doc__sphinx-8035: This    
model isn't mapped yet. model=hosted_vllm/Qwen/Qwen3-30B-A3B-Thinking-2507,     
custom_llm_provider=hosted_vllm. Add it here -                                  
https://github.com/BerriAI/litellm/blob/main/model_prices_and_context_window.jso
n.                                                                              
Traceback (most recent call last):                                              
  File                                                                          
"/gscratch/stf/rpande/lora-context-distillation/.venv/lib/python3.10/site-packag
es/litellm/utils.py", line 4917, in _get_model_info_helper                      
    raise ValueError(                                                           
ValueError: This model isn't mapped yet. Add it here -                          
https://github.com/BerriAI/litellm/blob/main/model_prices_and_context_window.jso
n                                                                               
                                                                                
During handling of the above exception, another exception occurred:             
                                                                                
Traceback (most recent call last):                                              
  File                                                                          
"/gscratch/stf/rpande/lora-context-distillation/.venv/lib/python3.10/site-packag
es/minisweagent/run/extra/swebench.py", line 152, in process_instance           
    exit_status, result = agent.run(task)                                       
  File                                                                          
"/gscratch/stf/rpande/lora-context-distillation/.venv/lib/python3.10/site-packag
es/minisweagent/agents/default.py", line 81, in run                             
    self.step()                                                                 
  File                                                                          
"/gscratch/stf/rpande/lora-context-distillation/.venv/lib/python3.10/site-packag
es/minisweagent/run/extra/swebench.py", line 66, in step                        
    return super().step()                                                       
  File                                                                          
"/gscratch/stf/rpande/lora-context-distillation/.venv/lib/python3.10/site-packag
es/minisweagent/agents/default.py", line 90, in step                            
    return self.get_observation(self.query())                                   
  File                                                                          
"/gscratch/stf/rpande/lora-context-distillation/.venv/lib/python3.10/site-packag
es/minisweagent/agents/default.py", line 96, in query                           
    response = self.model.query(self.messages)                                  
  File                                                                          
"/gscratch/stf/rpande/lora-context-distillation/.venv/lib/python3.10/site-packag
es/minisweagent/models/litellm_model.py", line 70, in query                     
    cost = litellm.cost_calculator.completion_cost(response)                    
  File                                                                          
"/gscratch/stf/rpande/lora-context-distillation/.venv/lib/python3.10/site-packag
es/litellm/cost_calculator.py", line 1163, in completion_cost                   
    raise e                                                                     
  File                                                                          
"/gscratch/stf/rpande/lora-context-distillation/.venv/lib/python3.10/site-packag
es/litellm/cost_calculator.py", line 1156, in completion_cost                   
    raise e                                                                     
  File                                                                          
"/gscratch/stf/rpande/lora-context-distillation/.venv/lib/python3.10/site-packag
es/litellm/cost_calculator.py", line 1095, in completion_cost                   
    ) = cost_per_token(                                                         
  File                                                                          
"/gscratch/stf/rpande/lora-context-distillation/.venv/lib/python3.10/site-packag
es/litellm/cost_calculator.py", line 407, in cost_per_token                     
    model_info = _cached_get_model_info_helper(                                 
  File                                                                          
"/gscratch/stf/rpande/lora-context-distillation/.venv/lib/python3.10/site-packag
es/litellm/utils.py", line 4769, in _cached_get_model_info_helper               
    return _get_model_info_helper(model=model,                                  
custom_llm_provider=custom_llm_provider)                                        
  File                                                                          
"/gscratch/stf/rpande/lora-context-distillation/.venv/lib/python3.10/site-packag
es/litellm/utils.py", line 5081, in _get_model_info_helper                      
    raise Exception(                                                            
Exception: This model isn't mapped yet.                                         
model=hosted_vllm/Qwen/Qwen3-30B-A3B-Thinking-2507,                             
custom_llm_provider=hosted_vllm. Add it here -                                  
https://github.com/BerriAI/litellm/blob/main/model_prices_and_context_window.jso
n.                                                                              
minisweagent: INFO: Saved trajectory to                                         
'runs/qwen3-32101988/swe/sphinx-doc__sphinx-8035/sphinx-doc__sphinx-8035.traj.js
on'                                                                             
minisweagent: ERROR: Error processing instance sphinx-doc__sphinx-8056: This    
model isn't mapped yet. model=hosted_vllm/Qwen/Qwen3-30B-A3B-Thinking-2507,     
custom_llm_provider=hosted_vllm. Add it here -                                  
https://github.com/BerriAI/litellm/blob/main/model_prices_and_context_window.jso
n.                                                                              
Traceback (most recent call last):                                              
  File                                                                          
"/gscratch/stf/rpande/lora-context-distillation/.venv/lib/python3.10/site-packag
es/litellm/utils.py", line 4917, in _get_model_info_helper                      
    raise ValueError(                                                           
ValueError: This model isn't mapped yet. Add it here -                          
https://github.com/BerriAI/litellm/blob/main/model_prices_and_context_window.jso
n                                                                               
                                                                                
During handling of the above exception, another exception occurred:             
                                                                                
Traceback (most recent call last):                                              
  File                                                                          
"/gscratch/stf/rpande/lora-context-distillation/.venv/lib/python3.10/site-packag
es/minisweagent/run/extra/swebench.py", line 152, in process_instance           
    exit_status, result = agent.run(task)                                       
  File                                                                          
"/gscratch/stf/rpande/lora-context-distillation/.venv/lib/python3.10/site-packag
es/minisweagent/agents/default.py", line 81, in run                             
    self.step()                                                                 
  File                                                                          
"/gscratch/stf/rpande/lora-context-distillation/.venv/lib/python3.10/site-packag
es/minisweagent/run/extra/swebench.py", line 66, in step                        
    return super().step()                                                       
  File                                                                          
"/gscratch/stf/rpande/lora-context-distillation/.venv/lib/python3.10/site-packag
es/minisweagent/agents/default.py", line 90, in step                            
    return self.get_observation(self.query())                                   
  File                                                                          
"/gscratch/stf/rpande/lora-context-distillation/.venv/lib/python3.10/site-packag
es/minisweagent/agents/default.py", line 96, in query                           
    response = self.model.query(self.messages)                                  
  File                                                                          
"/gscratch/stf/rpande/lora-context-distillation/.venv/lib/python3.10/site-packag
es/minisweagent/models/litellm_model.py", line 70, in query                     
    cost = litellm.cost_calculator.completion_cost(response)                    
  File                                                                          
"/gscratch/stf/rpande/lora-context-distillation/.venv/lib/python3.10/site-packag
es/litellm/cost_calculator.py", line 1163, in completion_cost                   
    raise e                                                                     
  File                                                                          
"/gscratch/stf/rpande/lora-context-distillation/.venv/lib/python3.10/site-packag
es/litellm/cost_calculator.py", line 1156, in completion_cost                   
    raise e                                                                     
  File                                                                          
"/gscratch/stf/rpande/lora-context-distillation/.venv/lib/python3.10/site-packag
es/litellm/cost_calculator.py", line 1095, in completion_cost                   
    ) = cost_per_token(                                                         
  File                                                                          
"/gscratch/stf/rpande/lora-context-distillation/.venv/lib/python3.10/site-packag
es/litellm/cost_calculator.py", line 407, in cost_per_token                     
    model_info = _cached_get_model_info_helper(                                 
  File                                                                          
"/gscratch/stf/rpande/lora-context-distillation/.venv/lib/python3.10/site-packag
es/litellm/utils.py", line 4769, in _cached_get_model_info_helper               
    return _get_model_info_helper(model=model,                                  
custom_llm_provider=custom_llm_provider)                                        
  File                                                                          
"/gscratch/stf/rpande/lora-context-distillation/.venv/lib/python3.10/site-packag
es/litellm/utils.py", line 5081, in _get_model_info_helper                      
    raise Exception(                                                            
Exception: This model isn't mapped yet.                                         
model=hosted_vllm/Qwen/Qwen3-30B-A3B-Thinking-2507,                             
custom_llm_provider=hosted_vllm. Add it here -                                  
https://github.com/BerriAI/litellm/blob/main/model_prices_and_context_window.jso
n.                                                                              
minisweagent: INFO: Saved trajectory to                                         
'runs/qwen3-32101988/swe/sphinx-doc__sphinx-8056/sphinx-doc__sphinx-8056.traj.js
on'                                                                             
minisweagent: ERROR: Error processing instance sphinx-doc__sphinx-8265: This    
model isn't mapped yet. model=hosted_vllm/Qwen/Qwen3-30B-A3B-Thinking-2507,     
custom_llm_provider=hosted_vllm. Add it here -                                  
https://github.com/BerriAI/litellm/blob/main/model_prices_and_context_window.jso
n.                                                                              
Traceback (most recent call last):                                              
  File                                                                          
"/gscratch/stf/rpande/lora-context-distillation/.venv/lib/python3.10/site-packag
es/litellm/utils.py", line 4917, in _get_model_info_helper                      
    raise ValueError(                                                           
ValueError: This model isn't mapped yet. Add it here -                          
https://github.com/BerriAI/litellm/blob/main/model_prices_and_context_window.jso
n                                                                               
                                                                                
During handling of the above exception, another exception occurred:             
                                                                                
Traceback (most recent call last):                                              
  File                                                                          
"/gscratch/stf/rpande/lora-context-distillation/.venv/lib/python3.10/site-packag
es/minisweagent/run/extra/swebench.py", line 152, in process_instance           
    exit_status, result = agent.run(task)                                       
  File                                                                          
"/gscratch/stf/rpande/lora-context-distillation/.venv/lib/python3.10/site-packag
es/minisweagent/agents/default.py", line 81, in run                             
    self.step()                                                                 
  File                                                                          
"/gscratch/stf/rpande/lora-context-distillation/.venv/lib/python3.10/site-packag
es/minisweagent/run/extra/swebench.py", line 66, in step                        
    return super().step()                                                       
  File                                                                          
"/gscratch/stf/rpande/lora-context-distillation/.venv/lib/python3.10/site-packag
es/minisweagent/agents/default.py", line 90, in step                            
    return self.get_observation(self.query())                                   
  File                                                                          
"/gscratch/stf/rpande/lora-context-distillation/.venv/lib/python3.10/site-packag
es/minisweagent/agents/default.py", line 96, in query                           
    response = self.model.query(self.messages)                                  
  File                                                                          
"/gscratch/stf/rpande/lora-context-distillation/.venv/lib/python3.10/site-packag
es/minisweagent/models/litellm_model.py", line 70, in query                     
    cost = litellm.cost_calculator.completion_cost(response)                    
  File                                                                          
"/gscratch/stf/rpande/lora-context-distillation/.venv/lib/python3.10/site-packag
es/litellm/cost_calculator.py", line 1163, in completion_cost                   
    raise e                                                                     
  File                                                                          
"/gscratch/stf/rpande/lora-context-distillation/.venv/lib/python3.10/site-packag
es/litellm/cost_calculator.py", line 1156, in completion_cost                   
    raise e                                                                     
  File                                                                          
"/gscratch/stf/rpande/lora-context-distillation/.venv/lib/python3.10/site-packag
es/litellm/cost_calculator.py", line 1095, in completion_cost                   
    ) = cost_per_token(                                                         
  File                                                                          
"/gscratch/stf/rpande/lora-context-distillation/.venv/lib/python3.10/site-packag
es/litellm/cost_calculator.py", line 407, in cost_per_token                     
    model_info = _cached_get_model_info_helper(                                 
  File                                                                          
"/gscratch/stf/rpande/lora-context-distillation/.venv/lib/python3.10/site-packag
es/litellm/utils.py", line 4769, in _cached_get_model_info_helper               
    return _get_model_info_helper(model=model,                                  
custom_llm_provider=custom_llm_provider)                                        
  File                                                                          
"/gscratch/stf/rpande/lora-context-distillation/.venv/lib/python3.10/site-packag
es/litellm/utils.py", line 5081, in _get_model_info_helper                      
    raise Exception(                                                            
Exception: This model isn't mapped yet.                                         
model=hosted_vllm/Qwen/Qwen3-30B-A3B-Thinking-2507,                             
custom_llm_provider=hosted_vllm. Add it here -                                  
https://github.com/BerriAI/litellm/blob/main/model_prices_and_context_window.jso
n.                                                                              
minisweagent: INFO: Saved trajectory to                                         
'runs/qwen3-32101988/swe/sphinx-doc__sphinx-8265/sphinx-doc__sphinx-8265.traj.js
on'                                                                             
minisweagent: ERROR: Error processing instance sphinx-doc__sphinx-8269: This    
model isn't mapped yet. model=hosted_vllm/Qwen/Qwen3-30B-A3B-Thinking-2507,     
custom_llm_provider=hosted_vllm. Add it here -                                  
https://github.com/BerriAI/litellm/blob/main/model_prices_and_context_window.jso
n.                                                                              
Traceback (most recent call last):                                              
  File                                                                          
"/gscratch/stf/rpande/lora-context-distillation/.venv/lib/python3.10/site-packag
es/litellm/utils.py", line 4917, in _get_model_info_helper                      
    raise ValueError(                                                           
ValueError: This model isn't mapped yet. Add it here -                          
https://github.com/BerriAI/litellm/blob/main/model_prices_and_context_window.jso
n                                                                               
                                                                                
During handling of the above exception, another exception occurred:             
                                                                                
Traceback (most recent call last):                                              
  File                                                                          
"/gscratch/stf/rpande/lora-context-distillation/.venv/lib/python3.10/site-packag
es/minisweagent/run/extra/swebench.py", line 152, in process_instance           
    exit_status, result = agent.run(task)                                       
  File                                                                          
"/gscratch/stf/rpande/lora-context-distillation/.venv/lib/python3.10/site-packag
es/minisweagent/agents/default.py", line 81, in run                             
    self.step()                                                                 
  File                                                                          
"/gscratch/stf/rpande/lora-context-distillation/.venv/lib/python3.10/site-packag
es/minisweagent/run/extra/swebench.py", line 66, in step                        
    return super().step()                                                       
  File                                                                          
"/gscratch/stf/rpande/lora-context-distillation/.venv/lib/python3.10/site-packag
es/minisweagent/agents/default.py", line 90, in step                            
    return self.get_observation(self.query())                                   
  File                                                                          
"/gscratch/stf/rpande/lora-context-distillation/.venv/lib/python3.10/site-packag
es/minisweagent/agents/default.py", line 96, in query                           
    response = self.model.query(self.messages)                                  
  File                                                                          
"/gscratch/stf/rpande/lora-context-distillation/.venv/lib/python3.10/site-packag
es/minisweagent/models/litellm_model.py", line 70, in query                     
    cost = litellm.cost_calculator.completion_cost(response)                    
  File                                                                          
"/gscratch/stf/rpande/lora-context-distillation/.venv/lib/python3.10/site-packag
es/litellm/cost_calculator.py", line 1163, in completion_cost                   
    raise e                                                                     
  File                                                                          
"/gscratch/stf/rpande/lora-context-distillation/.venv/lib/python3.10/site-packag
es/litellm/cost_calculator.py", line 1156, in completion_cost                   
    raise e                                                                     
  File                                                                          
"/gscratch/stf/rpande/lora-context-distillation/.venv/lib/python3.10/site-packag
es/litellm/cost_calculator.py", line 1095, in completion_cost                   
    ) = cost_per_token(                                                         
  File                                                                          
"/gscratch/stf/rpande/lora-context-distillation/.venv/lib/python3.10/site-packag
es/litellm/cost_calculator.py", line 407, in cost_per_token                     
    model_info = _cached_get_model_info_helper(                                 
  File                                                                          
"/gscratch/stf/rpande/lora-context-distillation/.venv/lib/python3.10/site-packag
es/litellm/utils.py", line 4769, in _cached_get_model_info_helper               
    return _get_model_info_helper(model=model,                                  
custom_llm_provider=custom_llm_provider)                                        
  File                                                                          
"/gscratch/stf/rpande/lora-context-distillation/.venv/lib/python3.10/site-packag
es/litellm/utils.py", line 5081, in _get_model_info_helper                      
    raise Exception(                                                            
Exception: This model isn't mapped yet.                                         
model=hosted_vllm/Qwen/Qwen3-30B-A3B-Thinking-2507,                             
custom_llm_provider=hosted_vllm. Add it here -                                  
https://github.com/BerriAI/litellm/blob/main/model_prices_and_context_window.jso
n.                                                                              
minisweagent: INFO: Saved trajectory to                                         
'runs/qwen3-32101988/swe/sphinx-doc__sphinx-8269/sphinx-doc__sphinx-8269.traj.js
on'                                                                             
minisweagent: ERROR: Error processing instance sphinx-doc__sphinx-8475: This    
model isn't mapped yet. model=hosted_vllm/Qwen/Qwen3-30B-A3B-Thinking-2507,     
custom_llm_provider=hosted_vllm. Add it here -                                  
https://github.com/BerriAI/litellm/blob/main/model_prices_and_context_window.jso
n.                                                                              
Traceback (most recent call last):                                              
  File                                                                          
"/gscratch/stf/rpande/lora-context-distillation/.venv/lib/python3.10/site-packag
es/litellm/utils.py", line 4917, in _get_model_info_helper                      
    raise ValueError(                                                           
ValueError: This model isn't mapped yet. Add it here -                          
https://github.com/BerriAI/litellm/blob/main/model_prices_and_context_window.jso
n                                                                               
                                                                                
During handling of the above exception, another exception occurred:             
                                                                                
Traceback (most recent call last):                                              
  File                                                                          
"/gscratch/stf/rpande/lora-context-distillation/.venv/lib/python3.10/site-packag
es/minisweagent/run/extra/swebench.py", line 152, in process_instance           
    exit_status, result = agent.run(task)                                       
  File                                                                          
"/gscratch/stf/rpande/lora-context-distillation/.venv/lib/python3.10/site-packag
es/minisweagent/agents/default.py", line 81, in run                             
    self.step()                                                                 
  File                                                                          
"/gscratch/stf/rpande/lora-context-distillation/.venv/lib/python3.10/site-packag
es/minisweagent/run/extra/swebench.py", line 66, in step                        
    return super().step()                                                       
  File                                                                          
"/gscratch/stf/rpande/lora-context-distillation/.venv/lib/python3.10/site-packag
es/minisweagent/agents/default.py", line 90, in step                            
    return self.get_observation(self.query())                                   
  File                                                                          
"/gscratch/stf/rpande/lora-context-distillation/.venv/lib/python3.10/site-packag
es/minisweagent/agents/default.py", line 96, in query                           
    response = self.model.query(self.messages)                                  
  File                                                                          
"/gscratch/stf/rpande/lora-context-distillation/.venv/lib/python3.10/site-packag
es/minisweagent/models/litellm_model.py", line 70, in query                     
    cost = litellm.cost_calculator.completion_cost(response)                    
  File                                                                          
"/gscratch/stf/rpande/lora-context-distillation/.venv/lib/python3.10/site-packag
es/litellm/cost_calculator.py", line 1163, in completion_cost                   
    raise e                                                                     
  File                                                                          
"/gscratch/stf/rpande/lora-context-distillation/.venv/lib/python3.10/site-packag
es/litellm/cost_calculator.py", line 1156, in completion_cost                   
    raise e                                                                     
  File                                                                          
"/gscratch/stf/rpande/lora-context-distillation/.venv/lib/python3.10/site-packag
es/litellm/cost_calculator.py", line 1095, in completion_cost                   
    ) = cost_per_token(                                                         
  File                                                                          
"/gscratch/stf/rpande/lora-context-distillation/.venv/lib/python3.10/site-packag
es/litellm/cost_calculator.py", line 407, in cost_per_token                     
    model_info = _cached_get_model_info_helper(                                 
  File                                                                          
"/gscratch/stf/rpande/lora-context-distillation/.venv/lib/python3.10/site-packag
es/litellm/utils.py", line 4769, in _cached_get_model_info_helper               
    return _get_model_info_helper(model=model,                                  
custom_llm_provider=custom_llm_provider)                                        
  File                                                                          
"/gscratch/stf/rpande/lora-context-distillation/.venv/lib/python3.10/site-packag
es/litellm/utils.py", line 5081, in _get_model_info_helper                      
    raise Exception(                                                            
Exception: This model isn't mapped yet.                                         
model=hosted_vllm/Qwen/Qwen3-30B-A3B-Thinking-2507,                             
custom_llm_provider=hosted_vllm. Add it here -                                  
https://github.com/BerriAI/litellm/blob/main/model_prices_and_context_window.jso
n.                                                                              
minisweagent: INFO: Saved trajectory to                                         
'runs/qwen3-32101988/swe/sphinx-doc__sphinx-8475/sphinx-doc__sphinx-8475.traj.js
on'                                                                             
minisweagent: ERROR: Error processing instance sphinx-doc__sphinx-8548: This    
model isn't mapped yet. model=hosted_vllm/Qwen/Qwen3-30B-A3B-Thinking-2507,     
custom_llm_provider=hosted_vllm. Add it here -                                  
https://github.com/BerriAI/litellm/blob/main/model_prices_and_context_window.jso
n.                                                                              
Traceback (most recent call last):                                              
  File                                                                          
"/gscratch/stf/rpande/lora-context-distillation/.venv/lib/python3.10/site-packag
es/litellm/utils.py", line 4917, in _get_model_info_helper                      
    raise ValueError(                                                           
ValueError: This model isn't mapped yet. Add it here -                          
https://github.com/BerriAI/litellm/blob/main/model_prices_and_context_window.jso
n                                                                               
                                                                                
During handling of the above exception, another exception occurred:             
                                                                                
Traceback (most recent call last):                                              
  File                                                                          
"/gscratch/stf/rpande/lora-context-distillation/.venv/lib/python3.10/site-packag
es/minisweagent/run/extra/swebench.py", line 152, in process_instance           
    exit_status, result = agent.run(task)                                       
  File                                                                          
"/gscratch/stf/rpande/lora-context-distillation/.venv/lib/python3.10/site-packag
es/minisweagent/agents/default.py", line 81, in run                             
    self.step()                                                                 
  File                                                                          
"/gscratch/stf/rpande/lora-context-distillation/.venv/lib/python3.10/site-packag
es/minisweagent/run/extra/swebench.py", line 66, in step                        
    return super().step()                                                       
  File                                                                          
"/gscratch/stf/rpande/lora-context-distillation/.venv/lib/python3.10/site-packag
es/minisweagent/agents/default.py", line 90, in step                            
    return self.get_observation(self.query())                                   
  File                                                                          
"/gscratch/stf/rpande/lora-context-distillation/.venv/lib/python3.10/site-packag
es/minisweagent/agents/default.py", line 96, in query                           
    response = self.model.query(self.messages)                                  
  File                                                                          
"/gscratch/stf/rpande/lora-context-distillation/.venv/lib/python3.10/site-packag
es/minisweagent/models/litellm_model.py", line 70, in query                     
    cost = litellm.cost_calculator.completion_cost(response)                    
  File                                                                          
"/gscratch/stf/rpande/lora-context-distillation/.venv/lib/python3.10/site-packag
es/litellm/cost_calculator.py", line 1163, in completion_cost                   
    raise e                                                                     
  File                                                                          
"/gscratch/stf/rpande/lora-context-distillation/.venv/lib/python3.10/site-packag
es/litellm/cost_calculator.py", line 1156, in completion_cost                   
    raise e                                                                     
  File                                                                          
"/gscratch/stf/rpande/lora-context-distillation/.venv/lib/python3.10/site-packag
es/litellm/cost_calculator.py", line 1095, in completion_cost                   
    ) = cost_per_token(                                                         
  File                                                                          
"/gscratch/stf/rpande/lora-context-distillation/.venv/lib/python3.10/site-packag
es/litellm/cost_calculator.py", line 407, in cost_per_token                     
    model_info = _cached_get_model_info_helper(                                 
  File                                                                          
"/gscratch/stf/rpande/lora-context-distillation/.venv/lib/python3.10/site-packag
es/litellm/utils.py", line 4769, in _cached_get_model_info_helper               
    return _get_model_info_helper(model=model,                                  
custom_llm_provider=custom_llm_provider)                                        
  File                                                                          
"/gscratch/stf/rpande/lora-context-distillation/.venv/lib/python3.10/site-packag
es/litellm/utils.py", line 5081, in _get_model_info_helper                      
    raise Exception(                                                            
Exception: This model isn't mapped yet.                                         
model=hosted_vllm/Qwen/Qwen3-30B-A3B-Thinking-2507,                             
custom_llm_provider=hosted_vllm. Add it here -                                  
https://github.com/BerriAI/litellm/blob/main/model_prices_and_context_window.jso
n.                                                                              
minisweagent: INFO: Saved trajectory to                                         
'runs/qwen3-32101988/swe/sphinx-doc__sphinx-8548/sphinx-doc__sphinx-8548.traj.js
on'                                                                             
minisweagent: ERROR: Error processing instance sphinx-doc__sphinx-8551: This    
model isn't mapped yet. model=hosted_vllm/Qwen/Qwen3-30B-A3B-Thinking-2507,     
custom_llm_provider=hosted_vllm. Add it here -                                  
https://github.com/BerriAI/litellm/blob/main/model_prices_and_context_window.jso
n.                                                                              
Traceback (most recent call last):                                              
  File                                                                          
"/gscratch/stf/rpande/lora-context-distillation/.venv/lib/python3.10/site-packag
es/litellm/utils.py", line 4917, in _get_model_info_helper                      
    raise ValueError(                                                           
ValueError: This model isn't mapped yet. Add it here -                          
https://github.com/BerriAI/litellm/blob/main/model_prices_and_context_window.jso
n                                                                               
                                                                                
During handling of the above exception, another exception occurred:             
                                                                                
Traceback (most recent call last):                                              
  File                                                                          
"/gscratch/stf/rpande/lora-context-distillation/.venv/lib/python3.10/site-packag
es/minisweagent/run/extra/swebench.py", line 152, in process_instance           
    exit_status, result = agent.run(task)                                       
  File                                                                          
"/gscratch/stf/rpande/lora-context-distillation/.venv/lib/python3.10/site-packag
es/minisweagent/agents/default.py", line 81, in run                             
    self.step()                                                                 
  File                                                                          
"/gscratch/stf/rpande/lora-context-distillation/.venv/lib/python3.10/site-packag
es/minisweagent/run/extra/swebench.py", line 66, in step                        
    return super().step()                                                       
  File                                                                          
"/gscratch/stf/rpande/lora-context-distillation/.venv/lib/python3.10/site-packag
es/minisweagent/agents/default.py", line 90, in step                            
    return self.get_observation(self.query())                                   
  File                                                                          
"/gscratch/stf/rpande/lora-context-distillation/.venv/lib/python3.10/site-packag
es/minisweagent/agents/default.py", line 96, in query                           
    response = self.model.query(self.messages)                                  
  File                                                                          
"/gscratch/stf/rpande/lora-context-distillation/.venv/lib/python3.10/site-packag
es/minisweagent/models/litellm_model.py", line 70, in query                     
    cost = litellm.cost_calculator.completion_cost(response)                    
  File                                                                          
"/gscratch/stf/rpande/lora-context-distillation/.venv/lib/python3.10/site-packag
es/litellm/cost_calculator.py", line 1163, in completion_cost                   
    raise e                                                                     
  File                                                                          
"/gscratch/stf/rpande/lora-context-distillation/.venv/lib/python3.10/site-packag
es/litellm/cost_calculator.py", line 1156, in completion_cost                   
    raise e                                                                     
  File                                                                          
"/gscratch/stf/rpande/lora-context-distillation/.venv/lib/python3.10/site-packag
es/litellm/cost_calculator.py", line 1095, in completion_cost                   
    ) = cost_per_token(                                                         
  File                                                                          
"/gscratch/stf/rpande/lora-context-distillation/.venv/lib/python3.10/site-packag
es/litellm/cost_calculator.py", line 407, in cost_per_token                     
    model_info = _cached_get_model_info_helper(                                 
  File                                                                          
"/gscratch/stf/rpande/lora-context-distillation/.venv/lib/python3.10/site-packag
es/litellm/utils.py", line 4769, in _cached_get_model_info_helper               
    return _get_model_info_helper(model=model,                                  
custom_llm_provider=custom_llm_provider)                                        
  File                                                                          
"/gscratch/stf/rpande/lora-context-distillation/.venv/lib/python3.10/site-packag
es/litellm/utils.py", line 5081, in _get_model_info_helper                      
    raise Exception(                                                            
Exception: This model isn't mapped yet.                                         
model=hosted_vllm/Qwen/Qwen3-30B-A3B-Thinking-2507,                             
custom_llm_provider=hosted_vllm. Add it here -                                  
https://github.com/BerriAI/litellm/blob/main/model_prices_and_context_window.jso
n.                                                                              
minisweagent: INFO: Saved trajectory to                                         
'runs/qwen3-32101988/swe/sphinx-doc__sphinx-8551/sphinx-doc__sphinx-8551.traj.js
on'                                                                             
minisweagent: ERROR: Error processing instance sphinx-doc__sphinx-8638: This    
model isn't mapped yet. model=hosted_vllm/Qwen/Qwen3-30B-A3B-Thinking-2507,     
custom_llm_provider=hosted_vllm. Add it here -                                  
https://github.com/BerriAI/litellm/blob/main/model_prices_and_context_window.jso
n.                                                                              
Traceback (most recent call last):                                              
  File                                                                          
"/gscratch/stf/rpande/lora-context-distillation/.venv/lib/python3.10/site-packag
es/litellm/utils.py", line 4917, in _get_model_info_helper                      
    raise ValueError(                                                           
ValueError: This model isn't mapped yet. Add it here -                          
https://github.com/BerriAI/litellm/blob/main/model_prices_and_context_window.jso
n                                                                               
                                                                                
During handling of the above exception, another exception occurred:             
                                                                                
Traceback (most recent call last):                                              
  File                                                                          
"/gscratch/stf/rpande/lora-context-distillation/.venv/lib/python3.10/site-packag
es/minisweagent/run/extra/swebench.py", line 152, in process_instance           
    exit_status, result = agent.run(task)                                       
  File                                                                          
"/gscratch/stf/rpande/lora-context-distillation/.venv/lib/python3.10/site-packag
es/minisweagent/agents/default.py", line 81, in run                             
    self.step()                                                                 
  File                                                                          
"/gscratch/stf/rpande/lora-context-distillation/.venv/lib/python3.10/site-packag
es/minisweagent/run/extra/swebench.py", line 66, in step                        
    return super().step()                                                       
  File                                                                          
"/gscratch/stf/rpande/lora-context-distillation/.venv/lib/python3.10/site-packag
es/minisweagent/agents/default.py", line 90, in step                            
    return self.get_observation(self.query())                                   
  File                                                                          
"/gscratch/stf/rpande/lora-context-distillation/.venv/lib/python3.10/site-packag
es/minisweagent/agents/default.py", line 96, in query                           
    response = self.model.query(self.messages)                                  
  File                                                                          
"/gscratch/stf/rpande/lora-context-distillation/.venv/lib/python3.10/site-packag
es/minisweagent/models/litellm_model.py", line 70, in query                     
    cost = litellm.cost_calculator.completion_cost(response)                    
  File                                                                          
"/gscratch/stf/rpande/lora-context-distillation/.venv/lib/python3.10/site-packag
es/litellm/cost_calculator.py", line 1163, in completion_cost                   
    raise e                                                                     
  File                                                                          
"/gscratch/stf/rpande/lora-context-distillation/.venv/lib/python3.10/site-packag
es/litellm/cost_calculator.py", line 1156, in completion_cost                   
    raise e                                                                     
  File                                                                          
"/gscratch/stf/rpande/lora-context-distillation/.venv/lib/python3.10/site-packag
es/litellm/cost_calculator.py", line 1095, in completion_cost                   
    ) = cost_per_token(                                                         
  File                                                                          
"/gscratch/stf/rpande/lora-context-distillation/.venv/lib/python3.10/site-packag
es/litellm/cost_calculator.py", line 407, in cost_per_token                     
    model_info = _cached_get_model_info_helper(                                 
  File                                                                          
"/gscratch/stf/rpande/lora-context-distillation/.venv/lib/python3.10/site-packag
es/litellm/utils.py", line 4769, in _cached_get_model_info_helper               
    return _get_model_info_helper(model=model,                                  
custom_llm_provider=custom_llm_provider)                                        
  File                                                                          
"/gscratch/stf/rpande/lora-context-distillation/.venv/lib/python3.10/site-packag
es/litellm/utils.py", line 5081, in _get_model_info_helper                      
    raise Exception(                                                            
Exception: This model isn't mapped yet.                                         
model=hosted_vllm/Qwen/Qwen3-30B-A3B-Thinking-2507,                             
custom_llm_provider=hosted_vllm. Add it here -                                  
https://github.com/BerriAI/litellm/blob/main/model_prices_and_context_window.jso
n.                                                                              
minisweagent: INFO: Saved trajectory to                                         
'runs/qwen3-32101988/swe/sphinx-doc__sphinx-8638/sphinx-doc__sphinx-8638.traj.js
on'                                                                             
minisweagent: ERROR: Error processing instance sphinx-doc__sphinx-8721: This    
model isn't mapped yet. model=hosted_vllm/Qwen/Qwen3-30B-A3B-Thinking-2507,     
custom_llm_provider=hosted_vllm. Add it here -                                  
https://github.com/BerriAI/litellm/blob/main/model_prices_and_context_window.jso
n.                                                                              
Traceback (most recent call last):                                              
  File                                                                          
"/gscratch/stf/rpande/lora-context-distillation/.venv/lib/python3.10/site-packag
es/litellm/utils.py", line 4917, in _get_model_info_helper                      
    raise ValueError(                                                           
ValueError: This model isn't mapped yet. Add it here -                          
https://github.com/BerriAI/litellm/blob/main/model_prices_and_context_window.jso
n                                                                               
                                                                                
During handling of the above exception, another exception occurred:             
                                                                                
Traceback (most recent call last):                                              
  File                                                                          
"/gscratch/stf/rpande/lora-context-distillation/.venv/lib/python3.10/site-packag
es/minisweagent/run/extra/swebench.py", line 152, in process_instance           
    exit_status, result = agent.run(task)                                       
  File                                                                          
"/gscratch/stf/rpande/lora-context-distillation/.venv/lib/python3.10/site-packag
es/minisweagent/agents/default.py", line 81, in run                             
    self.step()                                                                 
  File                                                                          
"/gscratch/stf/rpande/lora-context-distillation/.venv/lib/python3.10/site-packag
es/minisweagent/run/extra/swebench.py", line 66, in step                        
    return super().step()                                                       
  File                                                                          
"/gscratch/stf/rpande/lora-context-distillation/.venv/lib/python3.10/site-packag
es/minisweagent/agents/default.py", line 90, in step                            
    return self.get_observation(self.query())                                   
  File                                                                          
"/gscratch/stf/rpande/lora-context-distillation/.venv/lib/python3.10/site-packag
es/minisweagent/agents/default.py", line 96, in query                           
    response = self.model.query(self.messages)                                  
  File                                                                          
"/gscratch/stf/rpande/lora-context-distillation/.venv/lib/python3.10/site-packag
es/minisweagent/models/litellm_model.py", line 70, in query                     
    cost = litellm.cost_calculator.completion_cost(response)                    
  File                                                                          
"/gscratch/stf/rpande/lora-context-distillation/.venv/lib/python3.10/site-packag
es/litellm/cost_calculator.py", line 1163, in completion_cost                   
    raise e                                                                     
  File                                                                          
"/gscratch/stf/rpande/lora-context-distillation/.venv/lib/python3.10/site-packag
es/litellm/cost_calculator.py", line 1156, in completion_cost                   
    raise e                                                                     
  File                                                                          
"/gscratch/stf/rpande/lora-context-distillation/.venv/lib/python3.10/site-packag
es/litellm/cost_calculator.py", line 1095, in completion_cost                   
    ) = cost_per_token(                                                         
  File                                                                          
"/gscratch/stf/rpande/lora-context-distillation/.venv/lib/python3.10/site-packag
es/litellm/cost_calculator.py", line 407, in cost_per_token                     
    model_info = _cached_get_model_info_helper(                                 
  File                                                                          
"/gscratch/stf/rpande/lora-context-distillation/.venv/lib/python3.10/site-packag
es/litellm/utils.py", line 4769, in _cached_get_model_info_helper               
    return _get_model_info_helper(model=model,                                  
custom_llm_provider=custom_llm_provider)                                        
  File                                                                          
"/gscratch/stf/rpande/lora-context-distillation/.venv/lib/python3.10/site-packag
es/litellm/utils.py", line 5081, in _get_model_info_helper                      
    raise Exception(                                                            
Exception: This model isn't mapped yet.                                         
model=hosted_vllm/Qwen/Qwen3-30B-A3B-Thinking-2507,                             
custom_llm_provider=hosted_vllm. Add it here -                                  
https://github.com/BerriAI/litellm/blob/main/model_prices_and_context_window.jso
n.                                                                              
minisweagent: INFO: Saved trajectory to                                         
'runs/qwen3-32101988/swe/sphinx-doc__sphinx-8721/sphinx-doc__sphinx-8721.traj.js
on'                                                                             
minisweagent: ERROR: Error processing instance sphinx-doc__sphinx-9229: This    
model isn't mapped yet. model=hosted_vllm/Qwen/Qwen3-30B-A3B-Thinking-2507,     
custom_llm_provider=hosted_vllm. Add it here -                                  
https://github.com/BerriAI/litellm/blob/main/model_prices_and_context_window.jso
n.                                                                              
Traceback (most recent call last):                                              
  File                                                                          
"/gscratch/stf/rpande/lora-context-distillation/.venv/lib/python3.10/site-packag
es/litellm/utils.py", line 4917, in _get_model_info_helper                      
    raise ValueError(                                                           
ValueError: This model isn't mapped yet. Add it here -                          
https://github.com/BerriAI/litellm/blob/main/model_prices_and_context_window.jso
n                                                                               
                                                                                
During handling of the above exception, another exception occurred:             
                                                                                
Traceback (most recent call last):                                              
  File                                                                          
"/gscratch/stf/rpande/lora-context-distillation/.venv/lib/python3.10/site-packag
es/minisweagent/run/extra/swebench.py", line 152, in process_instance           
    exit_status, result = agent.run(task)                                       
  File                                                                          
"/gscratch/stf/rpande/lora-context-distillation/.venv/lib/python3.10/site-packag
es/minisweagent/agents/default.py", line 81, in run                             
    self.step()                                                                 
  File                                                                          
"/gscratch/stf/rpande/lora-context-distillation/.venv/lib/python3.10/site-packag
es/minisweagent/run/extra/swebench.py", line 66, in step                        
    return super().step()                                                       
  File                                                                          
"/gscratch/stf/rpande/lora-context-distillation/.venv/lib/python3.10/site-packag
es/minisweagent/agents/default.py", line 90, in step                            
    return self.get_observation(self.query())                                   
  File                                                                          
"/gscratch/stf/rpande/lora-context-distillation/.venv/lib/python3.10/site-packag
es/minisweagent/agents/default.py", line 96, in query                           
    response = self.model.query(self.messages)                                  
  File                                                                          
"/gscratch/stf/rpande/lora-context-distillation/.venv/lib/python3.10/site-packag
es/minisweagent/models/litellm_model.py", line 70, in query                     
    cost = litellm.cost_calculator.completion_cost(response)                    
  File                                                                          
"/gscratch/stf/rpande/lora-context-distillation/.venv/lib/python3.10/site-packag
es/litellm/cost_calculator.py", line 1163, in completion_cost                   
    raise e                                                                     
  File                                                                          
"/gscratch/stf/rpande/lora-context-distillation/.venv/lib/python3.10/site-packag
es/litellm/cost_calculator.py", line 1156, in completion_cost                   
    raise e                                                                     
  File                                                                          
"/gscratch/stf/rpande/lora-context-distillation/.venv/lib/python3.10/site-packag
es/litellm/cost_calculator.py", line 1095, in completion_cost                   
    ) = cost_per_token(                                                         
  File                                                                          
"/gscratch/stf/rpande/lora-context-distillation/.venv/lib/python3.10/site-packag
es/litellm/cost_calculator.py", line 407, in cost_per_token                     
    model_info = _cached_get_model_info_helper(                                 
  File                                                                          
"/gscratch/stf/rpande/lora-context-distillation/.venv/lib/python3.10/site-packag
es/litellm/utils.py", line 4769, in _cached_get_model_info_helper               
    return _get_model_info_helper(model=model,                                  
custom_llm_provider=custom_llm_provider)                                        
  File                                                                          
"/gscratch/stf/rpande/lora-context-distillation/.venv/lib/python3.10/site-packag
es/litellm/utils.py", line 5081, in _get_model_info_helper                      
    raise Exception(                                                            
Exception: This model isn't mapped yet.                                         
model=hosted_vllm/Qwen/Qwen3-30B-A3B-Thinking-2507,                             
custom_llm_provider=hosted_vllm. Add it here -                                  
https://github.com/BerriAI/litellm/blob/main/model_prices_and_context_window.jso
n.                                                                              
minisweagent: INFO: Saved trajectory to                                         
'runs/qwen3-32101988/swe/sphinx-doc__sphinx-9229/sphinx-doc__sphinx-9229.traj.js
on'                                                                             
minisweagent: ERROR: Error processing instance sphinx-doc__sphinx-9230: This    
model isn't mapped yet. model=hosted_vllm/Qwen/Qwen3-30B-A3B-Thinking-2507,     
custom_llm_provider=hosted_vllm. Add it here -                                  
https://github.com/BerriAI/litellm/blob/main/model_prices_and_context_window.jso
n.                                                                              
Traceback (most recent call last):                                              
  File                                                                          
"/gscratch/stf/rpande/lora-context-distillation/.venv/lib/python3.10/site-packag
es/litellm/utils.py", line 4917, in _get_model_info_helper                      
    raise ValueError(                                                           
ValueError: This model isn't mapped yet. Add it here -                          
https://github.com/BerriAI/litellm/blob/main/model_prices_and_context_window.jso
n                                                                               
                                                                                
During handling of the above exception, another exception occurred:             
                                                                                
Traceback (most recent call last):                                              
  File                                                                          
"/gscratch/stf/rpande/lora-context-distillation/.venv/lib/python3.10/site-packag
es/minisweagent/run/extra/swebench.py", line 152, in process_instance           
    exit_status, result = agent.run(task)                                       
  File                                                                          
"/gscratch/stf/rpande/lora-context-distillation/.venv/lib/python3.10/site-packag
es/minisweagent/agents/default.py", line 81, in run                             
    self.step()                                                                 
  File                                                                          
"/gscratch/stf/rpande/lora-context-distillation/.venv/lib/python3.10/site-packag
es/minisweagent/run/extra/swebench.py", line 66, in step                        
    return super().step()                                                       
  File                                                                          
"/gscratch/stf/rpande/lora-context-distillation/.venv/lib/python3.10/site-packag
es/minisweagent/agents/default.py", line 90, in step                            
    return self.get_observation(self.query())                                   
  File                                                                          
"/gscratch/stf/rpande/lora-context-distillation/.venv/lib/python3.10/site-packag
es/minisweagent/agents/default.py", line 96, in query                           
    response = self.model.query(self.messages)                                  
  File                                                                          
"/gscratch/stf/rpande/lora-context-distillation/.venv/lib/python3.10/site-packag
es/minisweagent/models/litellm_model.py", line 70, in query                     
    cost = litellm.cost_calculator.completion_cost(response)                    
  File                                                                          
"/gscratch/stf/rpande/lora-context-distillation/.venv/lib/python3.10/site-packag
es/litellm/cost_calculator.py", line 1163, in completion_cost                   
    raise e                                                                     
  File                                                                          
"/gscratch/stf/rpande/lora-context-distillation/.venv/lib/python3.10/site-packag
es/litellm/cost_calculator.py", line 1156, in completion_cost                   
    raise e                                                                     
  File                                                                          
"/gscratch/stf/rpande/lora-context-distillation/.venv/lib/python3.10/site-packag
es/litellm/cost_calculator.py", line 1095, in completion_cost                   
    ) = cost_per_token(                                                         
  File                                                                          
"/gscratch/stf/rpande/lora-context-distillation/.venv/lib/python3.10/site-packag
es/litellm/cost_calculator.py", line 407, in cost_per_token                     
    model_info = _cached_get_model_info_helper(                                 
  File                                                                          
"/gscratch/stf/rpande/lora-context-distillation/.venv/lib/python3.10/site-packag
es/litellm/utils.py", line 4769, in _cached_get_model_info_helper               
    return _get_model_info_helper(model=model,                                  
custom_llm_provider=custom_llm_provider)                                        
  File                                                                          
"/gscratch/stf/rpande/lora-context-distillation/.venv/lib/python3.10/site-packag
es/litellm/utils.py", line 5081, in _get_model_info_helper                      
    raise Exception(                                                            
Exception: This model isn't mapped yet.                                         
model=hosted_vllm/Qwen/Qwen3-30B-A3B-Thinking-2507,                             
custom_llm_provider=hosted_vllm. Add it here -                                  
https://github.com/BerriAI/litellm/blob/main/model_prices_and_context_window.jso
n.                                                                              
minisweagent: INFO: Saved trajectory to                                         
'runs/qwen3-32101988/swe/sphinx-doc__sphinx-9230/sphinx-doc__sphinx-9230.traj.js
on'                                                                             
minisweagent: ERROR: Error processing instance sphinx-doc__sphinx-9281: This    
model isn't mapped yet. model=hosted_vllm/Qwen/Qwen3-30B-A3B-Thinking-2507,     
custom_llm_provider=hosted_vllm. Add it here -                                  
https://github.com/BerriAI/litellm/blob/main/model_prices_and_context_window.jso
n.                                                                              
Traceback (most recent call last):                                              
  File                                                                          
"/gscratch/stf/rpande/lora-context-distillation/.venv/lib/python3.10/site-packag
es/litellm/utils.py", line 4917, in _get_model_info_helper                      
    raise ValueError(                                                           
ValueError: This model isn't mapped yet. Add it here -                          
https://github.com/BerriAI/litellm/blob/main/model_prices_and_context_window.jso
n                                                                               
                                                                                
During handling of the above exception, another exception occurred:             
                                                                                
Traceback (most recent call last):                                              
  File                                                                          
"/gscratch/stf/rpande/lora-context-distillation/.venv/lib/python3.10/site-packag
es/minisweagent/run/extra/swebench.py", line 152, in process_instance           
    exit_status, result = agent.run(task)                                       
  File                                                                          
"/gscratch/stf/rpande/lora-context-distillation/.venv/lib/python3.10/site-packag
es/minisweagent/agents/default.py", line 81, in run                             
    self.step()                                                                 
  File                                                                          
"/gscratch/stf/rpande/lora-context-distillation/.venv/lib/python3.10/site-packag
es/minisweagent/run/extra/swebench.py", line 66, in step                        
    return super().step()                                                       
  File                                                                          
"/gscratch/stf/rpande/lora-context-distillation/.venv/lib/python3.10/site-packag
es/minisweagent/agents/default.py", line 90, in step                            
    return self.get_observation(self.query())                                   
  File                                                                          
"/gscratch/stf/rpande/lora-context-distillation/.venv/lib/python3.10/site-packag
es/minisweagent/agents/default.py", line 96, in query                           
    response = self.model.query(self.messages)                                  
  File                                                                          
"/gscratch/stf/rpande/lora-context-distillation/.venv/lib/python3.10/site-packag
es/minisweagent/models/litellm_model.py", line 70, in query                     
    cost = litellm.cost_calculator.completion_cost(response)                    
  File                                                                          
"/gscratch/stf/rpande/lora-context-distillation/.venv/lib/python3.10/site-packag
es/litellm/cost_calculator.py", line 1163, in completion_cost                   
    raise e                                                                     
  File                                                                          
"/gscratch/stf/rpande/lora-context-distillation/.venv/lib/python3.10/site-packag
es/litellm/cost_calculator.py", line 1156, in completion_cost                   
    raise e                                                                     
  File                                                                          
"/gscratch/stf/rpande/lora-context-distillation/.venv/lib/python3.10/site-packag
es/litellm/cost_calculator.py", line 1095, in completion_cost                   
    ) = cost_per_token(                                                         
  File                                                                          
"/gscratch/stf/rpande/lora-context-distillation/.venv/lib/python3.10/site-packag
es/litellm/cost_calculator.py", line 407, in cost_per_token                     
    model_info = _cached_get_model_info_helper(                                 
  File                                                                          
"/gscratch/stf/rpande/lora-context-distillation/.venv/lib/python3.10/site-packag
es/litellm/utils.py", line 4769, in _cached_get_model_info_helper               
    return _get_model_info_helper(model=model,                                  
custom_llm_provider=custom_llm_provider)                                        
  File                                                                          
"/gscratch/stf/rpande/lora-context-distillation/.venv/lib/python3.10/site-packag
es/litellm/utils.py", line 5081, in _get_model_info_helper                      
    raise Exception(                                                            
Exception: This model isn't mapped yet.                                         
model=hosted_vllm/Qwen/Qwen3-30B-A3B-Thinking-2507,                             
custom_llm_provider=hosted_vllm. Add it here -                                  
https://github.com/BerriAI/litellm/blob/main/model_prices_and_context_window.jso
n.                                                                              
minisweagent: INFO: Saved trajectory to                                         
'runs/qwen3-32101988/swe/sphinx-doc__sphinx-9281/sphinx-doc__sphinx-9281.traj.js
on'                                                                             
minisweagent: ERROR: Error processing instance sphinx-doc__sphinx-9320: This    
model isn't mapped yet. model=hosted_vllm/Qwen/Qwen3-30B-A3B-Thinking-2507,     
custom_llm_provider=hosted_vllm. Add it here -                                  
https://github.com/BerriAI/litellm/blob/main/model_prices_and_context_window.jso
n.                                                                              
Traceback (most recent call last):                                              
  File                                                                          
"/gscratch/stf/rpande/lora-context-distillation/.venv/lib/python3.10/site-packag
es/litellm/utils.py", line 4917, in _get_model_info_helper                      
    raise ValueError(                                                           
ValueError: This model isn't mapped yet. Add it here -                          
https://github.com/BerriAI/litellm/blob/main/model_prices_and_context_window.jso
n                                                                               
                                                                                
During handling of the above exception, another exception occurred:             
                                                                                
Traceback (most recent call last):                                              
  File                                                                          
"/gscratch/stf/rpande/lora-context-distillation/.venv/lib/python3.10/site-packag
es/minisweagent/run/extra/swebench.py", line 152, in process_instance           
    exit_status, result = agent.run(task)                                       
  File                                                                          
"/gscratch/stf/rpande/lora-context-distillation/.venv/lib/python3.10/site-packag
es/minisweagent/agents/default.py", line 81, in run                             
    self.step()                                                                 
  File                                                                          
"/gscratch/stf/rpande/lora-context-distillation/.venv/lib/python3.10/site-packag
es/minisweagent/run/extra/swebench.py", line 66, in step                        
    return super().step()                                                       
  File                                                                          
"/gscratch/stf/rpande/lora-context-distillation/.venv/lib/python3.10/site-packag
es/minisweagent/agents/default.py", line 90, in step                            
    return self.get_observation(self.query())                                   
  File                                                                          
"/gscratch/stf/rpande/lora-context-distillation/.venv/lib/python3.10/site-packag
es/minisweagent/agents/default.py", line 96, in query                           
    response = self.model.query(self.messages)                                  
  File                                                                          
"/gscratch/stf/rpande/lora-context-distillation/.venv/lib/python3.10/site-packag
es/minisweagent/models/litellm_model.py", line 70, in query                     
    cost = litellm.cost_calculator.completion_cost(response)                    
  File                                                                          
"/gscratch/stf/rpande/lora-context-distillation/.venv/lib/python3.10/site-packag
es/litellm/cost_calculator.py", line 1163, in completion_cost                   
    raise e                                                                     
  File                                                                          
"/gscratch/stf/rpande/lora-context-distillation/.venv/lib/python3.10/site-packag
es/litellm/cost_calculator.py", line 1156, in completion_cost                   
    raise e                                                                     
  File                                                                          
"/gscratch/stf/rpande/lora-context-distillation/.venv/lib/python3.10/site-packag
es/litellm/cost_calculator.py", line 1095, in completion_cost                   
    ) = cost_per_token(                                                         
  File                                                                          
"/gscratch/stf/rpande/lora-context-distillation/.venv/lib/python3.10/site-packag
es/litellm/cost_calculator.py", line 407, in cost_per_token                     
    model_info = _cached_get_model_info_helper(                                 
  File                                                                          
"/gscratch/stf/rpande/lora-context-distillation/.venv/lib/python3.10/site-packag
es/litellm/utils.py", line 4769, in _cached_get_model_info_helper               
    return _get_model_info_helper(model=model,                                  
custom_llm_provider=custom_llm_provider)                                        
  File                                                                          
"/gscratch/stf/rpande/lora-context-distillation/.venv/lib/python3.10/site-packag
es/litellm/utils.py", line 5081, in _get_model_info_helper                      
    raise Exception(                                                            
Exception: This model isn't mapped yet.                                         
model=hosted_vllm/Qwen/Qwen3-30B-A3B-Thinking-2507,                             
custom_llm_provider=hosted_vllm. Add it here -                                  
https://github.com/BerriAI/litellm/blob/main/model_prices_and_context_window.jso
n.                                                                              
minisweagent: INFO: Saved trajectory to                                         
'runs/qwen3-32101988/swe/sphinx-doc__sphinx-9320/sphinx-doc__sphinx-9320.traj.js
on'                                                                             
minisweagent: ERROR: Error processing instance sphinx-doc__sphinx-9367: This    
model isn't mapped yet. model=hosted_vllm/Qwen/Qwen3-30B-A3B-Thinking-2507,     
custom_llm_provider=hosted_vllm. Add it here -                                  
https://github.com/BerriAI/litellm/blob/main/model_prices_and_context_window.jso
n.                                                                              
Traceback (most recent call last):                                              
  File                                                                          
"/gscratch/stf/rpande/lora-context-distillation/.venv/lib/python3.10/site-packag
es/litellm/utils.py", line 4917, in _get_model_info_helper                      
    raise ValueError(                                                           
ValueError: This model isn't mapped yet. Add it here -                          
https://github.com/BerriAI/litellm/blob/main/model_prices_and_context_window.jso
n                                                                               
                                                                                
During handling of the above exception, another exception occurred:             
                                                                                
Traceback (most recent call last):                                              
  File                                                                          
"/gscratch/stf/rpande/lora-context-distillation/.venv/lib/python3.10/site-packag
es/minisweagent/run/extra/swebench.py", line 152, in process_instance           
    exit_status, result = agent.run(task)                                       
  File                                                                          
"/gscratch/stf/rpande/lora-context-distillation/.venv/lib/python3.10/site-packag
es/minisweagent/agents/default.py", line 81, in run                             
    self.step()                                                                 
  File                                                                          
"/gscratch/stf/rpande/lora-context-distillation/.venv/lib/python3.10/site-packag
es/minisweagent/run/extra/swebench.py", line 66, in step                        
    return super().step()                                                       
  File                                                                          
"/gscratch/stf/rpande/lora-context-distillation/.venv/lib/python3.10/site-packag
es/minisweagent/agents/default.py", line 90, in step                            
    return self.get_observation(self.query())                                   
  File                                                                          
"/gscratch/stf/rpande/lora-context-distillation/.venv/lib/python3.10/site-packag
es/minisweagent/agents/default.py", line 96, in query                           
    response = self.model.query(self.messages)                                  
  File                                                                          
"/gscratch/stf/rpande/lora-context-distillation/.venv/lib/python3.10/site-packag
es/minisweagent/models/litellm_model.py", line 70, in query                     
    cost = litellm.cost_calculator.completion_cost(response)                    
  File                                                                          
"/gscratch/stf/rpande/lora-context-distillation/.venv/lib/python3.10/site-packag
es/litellm/cost_calculator.py", line 1163, in completion_cost                   
    raise e                                                                     
  File                                                                          
"/gscratch/stf/rpande/lora-context-distillation/.venv/lib/python3.10/site-packag
es/litellm/cost_calculator.py", line 1156, in completion_cost                   
    raise e                                                                     
  File                                                                          
"/gscratch/stf/rpande/lora-context-distillation/.venv/lib/python3.10/site-packag
es/litellm/cost_calculator.py", line 1095, in completion_cost                   
    ) = cost_per_token(                                                         
  File                                                                          
"/gscratch/stf/rpande/lora-context-distillation/.venv/lib/python3.10/site-packag
es/litellm/cost_calculator.py", line 407, in cost_per_token                     
    model_info = _cached_get_model_info_helper(                                 
  File                                                                          
"/gscratch/stf/rpande/lora-context-distillation/.venv/lib/python3.10/site-packag
es/litellm/utils.py", line 4769, in _cached_get_model_info_helper               
    return _get_model_info_helper(model=model,                                  
custom_llm_provider=custom_llm_provider)                                        
  File                                                                          
"/gscratch/stf/rpande/lora-context-distillation/.venv/lib/python3.10/site-packag
es/litellm/utils.py", line 5081, in _get_model_info_helper                      
    raise Exception(                                                            
Exception: This model isn't mapped yet.                                         
model=hosted_vllm/Qwen/Qwen3-30B-A3B-Thinking-2507,                             
custom_llm_provider=hosted_vllm. Add it here -                                  
https://github.com/BerriAI/litellm/blob/main/model_prices_and_context_window.jso
n.                                                                              
minisweagent: INFO: Saved trajectory to                                         
'runs/qwen3-32101988/swe/sphinx-doc__sphinx-9367/sphinx-doc__sphinx-9367.traj.js
on'                                                                             
minisweagent: ERROR: Error processing instance sphinx-doc__sphinx-9461: This    
model isn't mapped yet. model=hosted_vllm/Qwen/Qwen3-30B-A3B-Thinking-2507,     
custom_llm_provider=hosted_vllm. Add it here -                                  
https://github.com/BerriAI/litellm/blob/main/model_prices_and_context_window.jso
n.                                                                              
Traceback (most recent call last):                                              
  File                                                                          
"/gscratch/stf/rpande/lora-context-distillation/.venv/lib/python3.10/site-packag
es/litellm/utils.py", line 4917, in _get_model_info_helper                      
    raise ValueError(                                                           
ValueError: This model isn't mapped yet. Add it here -                          
https://github.com/BerriAI/litellm/blob/main/model_prices_and_context_window.jso
n                                                                               
                                                                                
During handling of the above exception, another exception occurred:             
                                                                                
Traceback (most recent call last):                                              
  File                                                                          
"/gscratch/stf/rpande/lora-context-distillation/.venv/lib/python3.10/site-packag
es/minisweagent/run/extra/swebench.py", line 152, in process_instance           
    exit_status, result = agent.run(task)                                       
  File                                                                          
"/gscratch/stf/rpande/lora-context-distillation/.venv/lib/python3.10/site-packag
es/minisweagent/agents/default.py", line 81, in run                             
    self.step()                                                                 
  File                                                                          
"/gscratch/stf/rpande/lora-context-distillation/.venv/lib/python3.10/site-packag
es/minisweagent/run/extra/swebench.py", line 66, in step                        
    return super().step()                                                       
  File                                                                          
"/gscratch/stf/rpande/lora-context-distillation/.venv/lib/python3.10/site-packag
es/minisweagent/agents/default.py", line 90, in step                            
    return self.get_observation(self.query())                                   
  File                                                                          
"/gscratch/stf/rpande/lora-context-distillation/.venv/lib/python3.10/site-packag
es/minisweagent/agents/default.py", line 96, in query                           
    response = self.model.query(self.messages)                                  
  File                                                                          
"/gscratch/stf/rpande/lora-context-distillation/.venv/lib/python3.10/site-packag
es/minisweagent/models/litellm_model.py", line 70, in query                     
    cost = litellm.cost_calculator.completion_cost(response)                    
  File                                                                          
"/gscratch/stf/rpande/lora-context-distillation/.venv/lib/python3.10/site-packag
es/litellm/cost_calculator.py", line 1163, in completion_cost                   
    raise e                                                                     
  File                                                                          
"/gscratch/stf/rpande/lora-context-distillation/.venv/lib/python3.10/site-packag
es/litellm/cost_calculator.py", line 1156, in completion_cost                   
    raise e                                                                     
  File                                                                          
"/gscratch/stf/rpande/lora-context-distillation/.venv/lib/python3.10/site-packag
es/litellm/cost_calculator.py", line 1095, in completion_cost                   
    ) = cost_per_token(                                                         
  File                                                                          
"/gscratch/stf/rpande/lora-context-distillation/.venv/lib/python3.10/site-packag
es/litellm/cost_calculator.py", line 407, in cost_per_token                     
    model_info = _cached_get_model_info_helper(                                 
  File                                                                          
"/gscratch/stf/rpande/lora-context-distillation/.venv/lib/python3.10/site-packag
es/litellm/utils.py", line 4769, in _cached_get_model_info_helper               
    return _get_model_info_helper(model=model,                                  
custom_llm_provider=custom_llm_provider)                                        
  File                                                                          
"/gscratch/stf/rpande/lora-context-distillation/.venv/lib/python3.10/site-packag
es/litellm/utils.py", line 5081, in _get_model_info_helper                      
    raise Exception(                                                            
Exception: This model isn't mapped yet.                                         
model=hosted_vllm/Qwen/Qwen3-30B-A3B-Thinking-2507,                             
custom_llm_provider=hosted_vllm. Add it here -                                  
https://github.com/BerriAI/litellm/blob/main/model_prices_and_context_window.jso
n.                                                                              
minisweagent: INFO: Saved trajectory to                                         
'runs/qwen3-32101988/swe/sphinx-doc__sphinx-9461/sphinx-doc__sphinx-9461.traj.js
on'                                                                             
minisweagent: ERROR: Error processing instance sphinx-doc__sphinx-9698: This    
model isn't mapped yet. model=hosted_vllm/Qwen/Qwen3-30B-A3B-Thinking-2507,     
custom_llm_provider=hosted_vllm. Add it here -                                  
https://github.com/BerriAI/litellm/blob/main/model_prices_and_context_window.jso
n.                                                                              
Traceback (most recent call last):                                              
  File                                                                          
"/gscratch/stf/rpande/lora-context-distillation/.venv/lib/python3.10/site-packag
es/litellm/utils.py", line 4917, in _get_model_info_helper                      
    raise ValueError(                                                           
ValueError: This model isn't mapped yet. Add it here -                          
https://github.com/BerriAI/litellm/blob/main/model_prices_and_context_window.jso
n                                                                               
                                                                                
During handling of the above exception, another exception occurred:             
                                                                                
Traceback (most recent call last):                                              
  File                                                                          
"/gscratch/stf/rpande/lora-context-distillation/.venv/lib/python3.10/site-packag
es/minisweagent/run/extra/swebench.py", line 152, in process_instance           
    exit_status, result = agent.run(task)                                       
  File                                                                          
"/gscratch/stf/rpande/lora-context-distillation/.venv/lib/python3.10/site-packag
es/minisweagent/agents/default.py", line 81, in run                             
    self.step()                                                                 
  File                                                                          
"/gscratch/stf/rpande/lora-context-distillation/.venv/lib/python3.10/site-packag
es/minisweagent/run/extra/swebench.py", line 66, in step                        
    return super().step()                                                       
  File                                                                          
"/gscratch/stf/rpande/lora-context-distillation/.venv/lib/python3.10/site-packag
es/minisweagent/agents/default.py", line 90, in step                            
    return self.get_observation(self.query())                                   
  File                                                                          
"/gscratch/stf/rpande/lora-context-distillation/.venv/lib/python3.10/site-packag
es/minisweagent/agents/default.py", line 96, in query                           
    response = self.model.query(self.messages)                                  
  File                                                                          
"/gscratch/stf/rpande/lora-context-distillation/.venv/lib/python3.10/site-packag
es/minisweagent/models/litellm_model.py", line 70, in query                     
    cost = litellm.cost_calculator.completion_cost(response)                    
  File                                                                          
"/gscratch/stf/rpande/lora-context-distillation/.venv/lib/python3.10/site-packag
es/litellm/cost_calculator.py", line 1163, in completion_cost                   
    raise e                                                                     
  File                                                                          
"/gscratch/stf/rpande/lora-context-distillation/.venv/lib/python3.10/site-packag
es/litellm/cost_calculator.py", line 1156, in completion_cost                   
    raise e                                                                     
  File                                                                          
"/gscratch/stf/rpande/lora-context-distillation/.venv/lib/python3.10/site-packag
es/litellm/cost_calculator.py", line 1095, in completion_cost                   
    ) = cost_per_token(                                                         
  File                                                                          
"/gscratch/stf/rpande/lora-context-distillation/.venv/lib/python3.10/site-packag
es/litellm/cost_calculator.py", line 407, in cost_per_token                     
    model_info = _cached_get_model_info_helper(                                 
  File                                                                          
"/gscratch/stf/rpande/lora-context-distillation/.venv/lib/python3.10/site-packag
es/litellm/utils.py", line 4769, in _cached_get_model_info_helper               
    return _get_model_info_helper(model=model,                                  
custom_llm_provider=custom_llm_provider)                                        
  File                                                                          
"/gscratch/stf/rpande/lora-context-distillation/.venv/lib/python3.10/site-packag
es/litellm/utils.py", line 5081, in _get_model_info_helper                      
    raise Exception(                                                            
Exception: This model isn't mapped yet.                                         
model=hosted_vllm/Qwen/Qwen3-30B-A3B-Thinking-2507,                             
custom_llm_provider=hosted_vllm. Add it here -                                  
https://github.com/BerriAI/litellm/blob/main/model_prices_and_context_window.jso
n.                                                                              
minisweagent: INFO: Saved trajectory to                                         
'runs/qwen3-32101988/swe/sphinx-doc__sphinx-9698/sphinx-doc__sphinx-9698.traj.js
on'                                                                             
┏━━━━━━━━━━━━━┳━━━━━━━┳━━━━━━━━━━━━━━━━━━━━━━━━━━━━━━━━━━━━━━━━━━━━━━━━━━━━━━━━┓
┃ Exit Status ┃ Count ┃ Most recent instances                                  ┃
┡━━━━━━━━━━━━━╇━━━━━━━╇━━━━━━━━━━━━━━━━━━━━━━━━━━━━━━━━━━━━━━━━━━━━━━━━━━━━━━━━┩
│ Exception   │    50 │ sphinx-doc__sphinx-9698, sphinx-doc__sphinx-9461,      │
│             │       │ sp...                                                  │
└─────────────┴───────┴────────────────────────────────────────────────────────┘
  Overall Progress ($0.00) ━━━━━━━━━━━━━━━━━━━━━ 50/50 100% 3:31:48 eta: 0:00:00Wrote SFT JSONL to runs/qwen3-32101988/sft/sft_qwenA_from_B_mini.jsonl
🦥 Unsloth: Will patch your computer to enable 2x faster free finetuning.
INFO 01-05 02:02:47 [importing.py:53] Triton module has been replaced with a placeholder.
INFO 01-05 02:02:47 [__init__.py:239] Automatically detected platform cuda.
🦥 Unsloth Zoo will now patch everything to make training faster!
==((====))==  Unsloth 2025.11.3: Fast Qwen3_Moe patching. Transformers: 4.57.1. vLLM: 0.8.5.
   \\   /|    NVIDIA L40S. Num GPUs = 2. Max memory: 44.392 GB. Platform: Linux.
O^O/ \_/ \    Torch: 2.6.0+cu124. CUDA: 8.9. CUDA Toolkit: 12.4. Triton: 3.2.0
\        /    Bfloat16 = TRUE. FA [Xformers = 0.0.29.post2. FA2 = False]
 "-____-"     Free license: http://github.com/unslothai/unsloth
Unsloth: Fast downloading is enabled - ignore downloading bars which are red colored!
